Training,Target,Testing
"Yeah, hahahaha...whooooo, shit!",0,Drugs
Guess what? I ain't coming in yet...,0,Drugs
I'll come in a minute,0,Drugs
Ayo...This is my love song...it goes like this,0,Drugs
Back when Mark Walhberg was Marky Mark,0,Drugs
This is how we used to make the party start,0,Drugs
We used to mix Hen' with Bacardi Dark,0,Drugs
"And when it, kicks in you can hardly talk",0,Drugs
"And by the, sixth gin you're gonna probably crawl",0,Drugs
"And you'll be, sick then and you'll probably barf",0,Drugs
And my pre-diction is you're gonna probably fall,0,Drugs
Either somewhere in the lobby or the hallway wall,0,Drugs
And everything's spinning,0,Drugs
You're beginin' to think women,0,Drugs
are swimming in pink linen again in the sink,0,Drugs
Then in a couple of minutes that bottle of Guinness is finished,0,Drugs
You are now allowed to officially slap bitches,1,Drugs
You have the right to remain violent and start wilin',1,Drugs
Start a fight with the same guy that was smart eyin' you,1,Drugs
"Get in your car, start it, and start drivin'",1,Drugs
Over the island and cause a 42 car pile-up,1,Drugs
"Earth calling, pilot to co-pilot",1,Drugs
"Looking at the life on this planet, sir, no sign of it",1,Drugs
All I can see is a bunch of smoke flyin',1,Drugs
And I'm so high that I might die if I go by it,1,Drugs
Let me out of this place,1,Drugs
I'm outta place,1,Drugs
I'm in outer space,1,Drugs
I've just vanished without a trace,1,Drugs
I'm going to a pretty place now where the flowers grow,1,Drugs
I'll be back in an hour or so,1,Drugs
'Cause every time I go to try to leave,1,Drugs
Someone keeps pullin' on my sleeve,1,Drugs
"I don't wanna, but I gotta stay",1,Drugs
These drugs really got a hold of me,1,Drugs
"'Cause every time I try to tell them ""no""",1,Drugs
They won't let me ever let them go,1,Drugs
I'm a sucker all I gotta say,1,Drugs
These drugs really got a hold of me,1,Drugs
"In third grade, all I used to do",1,Drugs
Was sniff glue through a tube and play Rubic's cube,1,Drugs
17 years later I'm as Rude as Jude,1,Drugs
Scheming on the first chick with the hugest boobs,1,Drugs
I've got no game,1,Drugs
And every face looks the same,1,Drugs
They've got no name,1,Drugs
So I don't need game to play,1,Drugs
I just say whatever I want to whoever I want,1,Drugs
"Whenever I want, wherever I want, however I want",1,Drugs
"However, I do show some respect to few",1,Drugs
As ecstasy got me standing next to you,1,Drugs
Getting sentimental as fuck spillin' guts to you,1,Drugs
We just met,1,Drugs
But I think I'm in love with you,1,Drugs
But you're on it too,1,Drugs
So you tell me you love me too,1,Drugs
"Wake up in the morning like ""yo, what the fuck we do?""",1,Drugs
I gotta go bitch,1,Drugs
You know I have stuff to do,1,Drugs
'Cause if I get caught cheatin' then I'm stuck with you,1,Drugs
But in the long run,1,Drugs
These drugs are probably going to catch up sooner or later,1,Drugs
"But fuck it, I'm on one",1,Drugs
So let's enjoy,1,Drugs
Let the X destroy your spinal cord,1,Drugs
So it's not a straight line no more,1,Drugs
'Til we walk around looking like some wind-up dolls,1,Drugs
Shit's sticking out of our backs like a dinosaur,1,Drugs
"Shit, six hits won't even get me high no more",1,Drugs
So bye for now,1,Drugs
I'm going to try to find some more,1,Drugs
That's the sound of a bottle when it's hollow,1,Drugs
When you swallow it all wallow and drown in your sorrow,1,Drugs
And tomorrow you're probably going to want to do it again,1,Drugs
What's a little spinal fluid between you and a friend? Screw it,1,Drugs
And what's a little bit of alcohol poisoning?,1,Drugs
And what's a little fight?,1,Drugs
Tomorrow you'll be boys again,1,Drugs
It's your life,1,Drugs
Live it however you wanna,1,Drugs
Marijuana is everywhere,1,Drugs
Where was you brought up?,1,Drugs
It don't matter as long as you get where you're going,1,Drugs
'Cause none of the shit is going to mean shit where we're going,1,Drugs
"They tell you to stop, but you just sit there ignoring",1,Drugs
Even though you wake up feeling like shit every morning,1,Drugs
But you're young,1,Drugs
You've got a lot of drugs to do,1,Drugs
Girls to screw,1,Drugs
Parties to crash,1,Drugs
Sucks to be you,1,Drugs
"If I could take it all back now, I wouldn't",1,Drugs
I would have did more shit that people said that I shouldn't,1,Drugs
But I'm all grown up now and upgraded and graduated,1,Drugs
Did better drugs and updated,1,Drugs
But I've still got a lot of growing up to do,1,Drugs
I've still got a whole lot of throwing up to spew,1,Drugs
But when it's all said and done I'll be 40,1,Drugs
Before I know it with a 40 on the porch telling stories,1,Drugs
With a bottle of Jack,1,Drugs
Two grandkids in my lap,1,Drugs
Babysitting for Hailie while Hailie's out getting smashed,1,Drugs
Drugs really got a hold of me,1,Drugs
They really got a hold of me,1,Drugs
'Cause drugs really got a hold of me,1,Drugs
They really got a hold of me,1,Drugs
Wake up this morning I'm shaking I can't be still girl,1,Drugs
Too many images running through my mind,1,Drugs
"Soon as I hit it, I can't get it out my system",1,Drugs
Even my brother he asked me what you on,1,Drugs
I'm on some kind of drug,1,Drugs
Can't explain all the ways you get me high,1,Drugs
I'm on some kind of drug,1,Drugs
"Can't explain, don't keep me waiting all night",1,Drugs
"Girl come through, them bath water running",1,Drugs
Fire be burning in my hotel room,1,Drugs
"Come through, champagne be popping",1,Drugs
System be knocking in my hotel room,1,Drugs
"Ever since I met you, you got me changing my schedule",1,Drugs
"If you ain't know, that shits eventful",1,Drugs
"And losing this money is dreadful, but",1,Drugs
"Believe me, that pussy is special",1,Drugs
"You wanna meet moms, I might let you",1,Drugs
Rollie is soo presidential,1,Drugs
"Keep it on while we fuck that's cause I meant to, yeah",1,Drugs
"Fuck you twice, we take a nap, soon as you're awake, get back",1,Drugs
Go for three it takes a nack,1,Drugs
I'm taking you to places that,1,Drugs
"You ain't been girl, face the fact, meant it, I can't take it back",1,Drugs
"Whisky straight, ain't chasing that, I'll taste the cat, yeah",1,Drugs
"Yeah, you told me I own that pearl",1,Drugs
"Yeah, that's cause I bone you thorough",1,Drugs
You should be my only girl,1,Drugs
"When I hit it, you feel like you own the world",1,Drugs
I'm on some kind of drug,1,Drugs
Can't explain all the ways you get me high,1,Drugs
I'm on some kind of drug,1,Drugs
"Can't explain, don't keep me waiting all night",1,Drugs
"Girl come through, that bath water running",1,Drugs
Fire be burning in my hotel room,1,Drugs
"Come through, champagne be popping",1,Drugs
System be knocking in my hotel room,1,Drugs
Since the last time we had sex,1,Drugs
"Honestly, I've been a mess, well",1,Drugs
Fienin cause you got the best,1,Drugs
Borderline kind of obsessed and yeah,1,Drugs
I'm on some kind of drug,1,Drugs
I've been addicted and I cannot find enough,1,Drugs
"I call you, I'm tryna fuck, I'm in room 921, come on up",1,Drugs
"And we could put up the ""please do not disturb""",1,Drugs
"I got drink, I got the herb, I'm tweakin', now I must be cured",1,Drugs
The only way I rest assured is if... I get my fix,1,Drugs
I love the way your dress just slips,1,Drugs
"Right off your waist, right down your hips",1,Drugs
"Technique's the best, she knows some tricks and yeah",1,Drugs
"I need you now, I need you bad",1,Drugs
You and me both of us been fienin' bad,1,Drugs
I guess what I really mean is that...yeah,1,Drugs
I'm on some kind of drug,1,Drugs
Can't explain all the ways you get me high,1,Drugs
I'm on some kind of drug,1,Drugs
"Can't explain, don't keep me waiting all night",1,Drugs
"Girl come through, that bath water running",1,Drugs
Fire be burning in my hotel room,1,Drugs
"Come through, champagne be popping",1,Drugs
System be knocking in my hotel room,1,Drugs
"Girl come through, that bath water running",1,Drugs
Fire be burning in my hotel room,1,Drugs
"Come through, champagne be popping",1,Drugs
System be knocking in my hotel room,1,Drugs
We ain't playin anymore,1,Drugs
Privacy on the door,1,Drugs
We ain't playin anymore,1,Drugs
Privacy on the door,1,Drugs
When we finish baby,1,Drugs
Ain't gon' need no more,1,Drugs
Cause I had the best of the worst sides,1,Drugs
And I had these lungs,1,Drugs
And I had too many flash fires,1,Drugs
That I just let them burn,1,Drugs
Till my chest is on fire,1,Drugs
And my head just won't die,1,Drugs
I guess I'm lying cause I wanna,1,Drugs
I guess I'm lying cause I don't,1,Drugs
Cause I just feel so tired,1,Drugs
Like it's move or slowly die,1,Drugs
You ain't you when you're like this,1,Drugs
This ain't you and you know it,1,Drugs
But ain't that just the point?,1,Drugs
You don't know how to let go,1,Drugs
Who said this must be all or nothing?,1,Drugs
"But I'm still caught below, and I'll never let you know",1,Drugs
No I can't tell you nothing,1,Drugs
Cause I'm a fucking mess sometimes,1,Drugs
But still I could always be,1,Drugs
Whatever you wanted,1,Drugs
But not what you needed,1,Drugs
Especially when you been needing me,1,Drugs
Cause I'm a fucking mess sometimes,1,Drugs
And I'll say what I don't mean,1,Drugs
Just cause I wanted,1,Drugs
Or maybe I need it,1,Drugs
Swear lying's the only rush I need,1,Drugs
Cause all I needed was some words to say,1,Drugs
That all these feelings don't mean shit to me,1,Drugs
"Cause it's all just chemicals anyway, anyway, yeah",1,Drugs
And I got way too many routes to take,1,Drugs
To make this all just go away,1,Drugs
And find another heart to break,1,Drugs
So heartless with the words I say,1,Drugs
Just saying what I'm supposed to say,1,Drugs
Cause I had nothing for you,1,Drugs
I can't love when I can't even love myself,1,Drugs
Things I would rather be thoughts at the back of my head,1,Drugs
But I'm addicted to hurting,1,Drugs
And I got these lungs,1,Drugs
And I spent too many late nights,1,Drugs
Just Thinking a hole in the earth,1,Drugs
Till the sky is on fire,1,Drugs
And my head still won't die,1,Drugs
I guess I'm lying cause I wanna,1,Drugs
I guess I'm lying cause I don't,1,Drugs
Cause I just feel so tired,1,Drugs
Like I need something to come alive,1,Drugs
"She said, ""You ain't you when you're like this",1,Drugs
"This ain't you, what you done?""",1,Drugs
"And I said, ""That's the point""",1,Drugs
You don't know how to let go,1,Drugs
Who said this must be all or nothing?,1,Drugs
"But I'm still caught below, and I'll never let you know",1,Drugs
No I can't tell you nothing,1,Drugs
Cause I'm a fucking mess sometimes,1,Drugs
But still I could always be,1,Drugs
"Whatever you wanted, but not what you needed",1,Drugs
Especially when you been needing me,1,Drugs
Cause I'm a fucking mess inside,1,Drugs
And I'll say what I don't mean,1,Drugs
"Just cause I wanted, or maybe I need it",1,Drugs
Swear lying's the only rush I need,1,Drugs
What is that funny light and sound,1,Drugs
"Calling me, in my head, repeatedly?",1,Drugs
What is that vision there in sight,1,Drugs
Before my eyes?,1,Drugs
So prominent,1,Drugs
"So mesmerising, turbulent",1,Drugs
You've got a hold on me,1,Drugs
Your ingenuity,1,Drugs
Seems to be driving me down on my knees,1,Drugs
The force you generate,1,Drugs
You reinvigorate,1,Drugs
Your body tells them 'No mistakes',1,Drugs
For I'm already drawn,1,Drugs
Close to the divine,1,Drugs
Intoxicating images are rushing through my mind,1,Drugs
"Embodiment of sin, has seen a way within",1,Drugs
Sensation seems to multiply,1,Drugs
They're building up inside,1,Drugs
Carried through the night,1,Drugs
Radiating light,1,Drugs
I see you move the crowd,1,Drugs
I know what you're about,1,Drugs
The stories I have heard,1,Drugs
To talk about excess,1,Drugs
I know what people say,1,Drugs
But surely you impress?,1,Drugs
Caressed by a pill,1,Drugs
You elevated soul,1,Drugs
Vanity and pride,1,Drugs
An addict to one,1,Drugs
A universal force,1,Drugs
A one and only kind,1,Drugs
A thing I can't control,1,Drugs
No matter how I try,1,Drugs
What have you done to me?,1,Drugs
This kind of chemistry,1,Drugs
Emotions running over me,1,Drugs
And when you arch your back,1,Drugs
Just when you stay like that,1,Drugs
When it's natural to interact,1,Drugs
When others holding back,1,Drugs
Ready to commence,1,Drugs
Caught up in your bliss,1,Drugs
You're so confusing and intense,1,Drugs
Synergy of two,1,Drugs
Energy go wild,1,Drugs
See the stars aligned to spell,1,Drugs
Our name out in the sky,1,Drugs
Jealousy in sight,1,Drugs
So fascinating ride,1,Drugs
So much faith between,1,Drugs
Floating up the steam,1,Drugs
Calling out so loud,1,Drugs
Beautiful and true,1,Drugs
Mystery about,1,Drugs
Everything you do,1,Drugs
Caressed by a drug,1,Drugs
You elevated soul,1,Drugs
Vanity and pride,1,Drugs
An addict to one,1,Drugs
A universal force,1,Drugs
A one and only kind,1,Drugs
A thing I can't control,1,Drugs
No matter how I try,1,Drugs
This electricity,1,Drugs
Injected into me,1,Drugs
Emotions running over me,1,Drugs
And when you're getting close,1,Drugs
You touch my innermost,1,Drugs
A feeling deep inside me knows,1,Drugs
On a floaty light,1,Drugs
Carried through the night,1,Drugs
We have got it all,1,Drugs
I get through without,1,Drugs
Flowing in my veins,1,Drugs
Ribbing through my soul,1,Drugs
I'll never be the same,1,Drugs
The secret can't be told,1,Drugs
Charismatic pill,1,Drugs
You elevated soul,1,Drugs
Vanity and pride,1,Drugs
An addict to one,1,Drugs
A universal force,1,Drugs
A one and only kind,1,Drugs
A thing I can't control,1,Drugs
No matter how I try,1,Drugs
Let me take you down,1,Drugs
'Cause I'm going to Strawberry Fields,1,Drugs
Nothing is real,1,Drugs
And nothing to get hung about,1,Drugs
Strawberry Fields forever,1,Drugs
Living is easy with eyes closed,1,Drugs
Misunderstanding all you see,1,Drugs
It's getting hard to be someone,1,Drugs
But it all works out,1,Drugs
It doesn't matter much to me1,1,Drugs
Let me take you down,1,Drugs
'Cause I'm going to Strawberry Fields,1,Drugs
Nothing is real,1,Drugs
And nothing to get hung about,1,Drugs
Strawberry Fields forever,1,Drugs
No one I think is in my tree,1,Drugs
I mean it must be high or low,1,Drugs
That is you know you can't tune it,1,Drugs
But it's all right,1,Drugs
That is I think it's not too bad,1,Drugs
Let me take you down,1,Drugs
'Cause I'm going to Strawberry Fields,1,Drugs
Nothing is real,1,Drugs
And nothing to get hung about,1,Drugs
Strawberry Fields forever,1,Drugs
Always know sometimes it's me,1,Drugs
But you know I know when it's a dream,1,Drugs
"I think I know I mean a ""Yes""",1,Drugs
But it's all wrong,1,Drugs
That is I think I disagree,1,Drugs
Let me take you down,1,Drugs
'Cause I'm going to Strawberry Fields,1,Drugs
Nothing is real,1,Drugs
And nothing to get hung about,1,Drugs
Strawberry Fields forever,1,Drugs
Strawberry Fields forever,1,Drugs
Strawberry Fields forever,1,Drugs
Ground Control to Major Tom,1,Drugs
Ground Control to Major Tom,1,Drugs
Take your protein pills and put your helmet on,1,Drugs
"Ground Control to Major Tom (ten, nine, eight, seven, six)",1,Drugs
"Commencing countdown, engines on (five, four, three)",1,Drugs
"Check ignition and may God's love be with you (two, one, liftoff)",1,Drugs
This is Ground Control to Major Tom,1,Drugs
You've really made the grade,1,Drugs
And the papers want to know whose shirts you wear,1,Drugs
Now it's time to leave the capsule if you dare,1,Drugs
"This is Major Tom to Ground Control
I'm stepping through the door
And I'm floating in a most peculiar way
And the stars look very different today
For here
Am I sitting in a tin can
Far above the world
Planet Earth is blue
And there's nothing I can do
Though I'm past one hundred thousand miles
I'm feeling very still
And I think my spaceship knows which way to go
Tell my wife I love her very much she knows
Ground Control to Major Tom
Your circuit's dead, there's something wrong
Can you hear me, Major Tom?
Can you hear me, Major Tom?
Can you hear me, Major Tom?
Can you Here am I floating 'round my tin can",1,Drugs
Far above the moon,1,Drugs
Planet Earth is blue,1,Drugs
"And there's nothing I can do""",1,Drugs
"If you want to hang out, you've gotta take her out, cocaine",1,Drugs
"If you want to get down, get down on the ground, cocaine",1,Drugs
"She don't lie, she don't lie, she don't lie,",1,Drugs
Cocaine,1,Drugs
"If you got that lose, you want to kick them blues, cocaine",1,Drugs
"When your day is done, and you want to ride on cocaine",1,Drugs
"She don't lie, she don't lie, she don't lie,",1,Drugs
Cocaine,1,Drugs
"If your day is gone, and you want to ride on, cocaine",1,Drugs
"Don't forget this fact, you can't get it back, cocaine",1,Drugs
"She don't lie, she don't lie, she don't lie,",1,Drugs
Cocaine,1,Drugs
"She don't lie, she don't lie, she don't lie,",1,Drugs
Cocaine,1,Drugs
You are in pain,1,Drugs
"Take your life, take your life with cocaine",1,Drugs
But I am who I am,1,Drugs
"So I do what I can, when I can",1,Drugs
But I can't really do a damn thing,1,Drugs
So fine this day,1,Drugs
All your problems has gone away,1,Drugs
"But tomorrow, when you wake up",1,Drugs
All your problems are back to stay,1,Drugs
"Your life, a game",1,Drugs
"Turn it up, turn it up with cocaine",1,Drugs
And everytime that you live is a time when you feel,1,Drugs
And the only time you heal,1,Drugs
Tell me what it is,1,Drugs
And it would never be like this,1,Drugs
A problem that we have in common,1,Drugs
Baby tell me what it is,1,Drugs
It probably doesn't mean a piss,1,Drugs
Yeah rip my heart apart,1,Drugs
"Now it's too late, too late to live",1,Drugs
Only heaven loves you now,1,Drugs
So love it back for once,1,Drugs
Just once,1,Drugs
"Now it's too late, too late to live",1,Drugs
And my conscience killing me,1,Drugs
So am I alive,1,Drugs
But I'm not free,1,Drugs
And for all of you that can relate to this too,1,Drugs
And for all of you that can relate to this too,1,Drugs
White snow,1,Drugs
I know,1,Drugs
You're on a place where I just can't go,1,Drugs
But I hope you do remember,1,Drugs
Your snow doesn't warm you in december,1,Drugs
You are in pain,1,Drugs
"Take your life, take your life with cocaine",1,Drugs
But I am who I am,1,Drugs
"So I do what I can, when I can",1,Drugs
But I can't really do a damn thing,1,Drugs
"Now it's too late, too late to live",1,Drugs
Only heaven loves you now,1,Drugs
So love it back for once,1,Drugs
Just once,1,Drugs
"Now it's too late, too late to live",1,Drugs
And my conscience killing me,1,Drugs
So am I alive,1,Drugs
But I'm not free,1,Drugs
And for all of you that can relate to this too,1,Drugs
And for all of you that can relate to this too,1,Drugs
Tell me what it is,1,Drugs
And it would never be like this,1,Drugs
A problem that we have in common,1,Drugs
Baby tell me what it is,1,Drugs
It probably doesn't mean a piss,1,Drugs
Yeah rip my heart apart,1,Drugs
You are in pain,1,Drugs
"Take your life, take your life with cocaine",1,Drugs
But I am who I am,1,Drugs
"So I do what I can, when I can",1,Drugs
But I can't really do a damn thing,1,Drugs
"Now it's too late, too late to live",1,Drugs
Only heaven loves you now,1,Drugs
So love it back for once,1,Drugs
Just once,1,Drugs
"Now it's too late, too late to live",1,Drugs
And my conscience killing me,1,Drugs
So am I alive,1,Drugs
But I'm not free,1,Drugs
And for all of you that can relate to this too,1,Drugs
Now it's too late,1,Drugs
It seemed the lower I go,1,Drugs
The better I begin to feel.,1,Drugs
"I don’t want this life,",1,Drugs
If nothing I feel is real.,1,Drugs
Don’t act so concerned.,1,Drugs
I tried my fucking best.,1,Drugs
But letting go was never an option.,1,Drugs
I’ve got this hole stuck in my chest.,1,Drugs
Let go.,1,Drugs
That’s what you said.,1,Drugs
But letting go was never an option.,1,Drugs
I tried my fucking best.,1,Drugs
Let go.,1,Drugs
That’s what you said.,1,Drugs
But letting go was never an option.,1,Drugs
I tried my fucking best.,1,Drugs
You said it was never goodbye.,1,Drugs
Liar!,1,Drugs
"It seems the lower that I go,",1,Drugs
The better I begin to feel.,1,Drugs
"I don’t want this life,",1,Drugs
If nothing I feel is real.,1,Drugs
Don’t act so concerned.,1,Drugs
I tried my fucking best.,1,Drugs
But letting go was never an option.,1,Drugs
I’ve got this hole stuck in my chest.,1,Drugs
I don’t expect you to understand.,1,Drugs
"What I lost in you,",1,Drugs
I’m never getting back.,1,Drugs
And you don’t care. [x2],1,Drugs
Let go.,1,Drugs
That’s what you said.,1,Drugs
But letting go was never an option.,1,Drugs
I tried my fucking best.,1,Drugs
Let go.,1,Drugs
That’s what you said.,1,Drugs
But letting go was never an option.,1,Drugs
I tried my fucking best.,1,Drugs
Oh well is it heavy stuff man? Will it blow me away?,1,Drugs
Daw-gone man I'll tell you that much.,1,Drugs
I've been smoking since I was born man I can smoke anything,1,Drugs
[Verse 1: G-Eazy],1,Drugs
"Yeah, I woke up around 12",1,Drugs
Looked to my right found a bag on the shelf,1,Drugs
I twist one up burn a zag to myself,1,Drugs
And i don't give a fuck if it's bad for my health,1,Drugs
I'm mad stressed out,1,Drugs
Cause last week see my girl just left out,1,Drugs
I went to roll another j and I'm fresh out,1,Drugs
And see I'm bummed i ain't even get none last night when i went out,1,Drugs
"Damn, and now the room's all hazy",1,Drugs
Eyes start to look Asian when I'm blazey,1,Drugs
Think I'm about to lay around today and be lazy,1,Drugs
Maybe might call a squeeze over to amaze me,1,Drugs
"Yeah, as you can see i've got some issues",1,Drugs
I've got my medical card it's gettin' misuse,1,Drugs
So I'm stop it if it's bammer? I'm off it,1,Drugs
I'm cheech with a fatty full of maui wowie dog shit,1,Drugs
"[You mean we're smokin' dog shit, man?]",1,Drugs
"G-Eazy, Mod Sun!",1,Drugs
Now I ain't gonna do that regular stoner rap type shit where I like,1,Drugs
Take a hit to the mic right before my verse but..,1,Drugs
"I'm hippie hop, 70's mentality type shit",1,Drugs
"Came from a family, hipp-ays",1,Drugs
My parents both smoked J's in '70s,1,Drugs
See even when my mom was pregnant she still blazed,1,Drugs
So i've been high before I even lived one day(zed),1,Drugs
But I ain't confused,1,Drugs
"Could chop it any way, whatever paraphernalia you choose",1,Drugs
Ain't nothin' bar on top night for solar puffin vapor,1,Drugs
Space cake whatever [it takes to get us copper?],1,Drugs
And we do that!,1,Drugs
Yeah we blazed it and strained a lot of eyes? for tastin?,1,Drugs
Sour d without the Brooklyn based me,1,Drugs
[?] straight from the guy that raised it,1,Drugs
Don't say shit,1,Drugs
Faded but not so vibrant,1,Drugs
Never been to high to keep climbin',1,Drugs
Got a fresh crop but a harvest moon,1,Drugs
Wake and bake with me I guarantee every day just like a sunny afternoon,1,Drugs
"G, hit me up",1,Drugs
Said he was on some 1967 type shit,1,Drugs
See that's where I am,1,Drugs
Mod Sun,1,Drugs
Hippie hop,1,Drugs
M.O.D. and some air,1,Drugs
"Yeah, g-shit",1,Drugs
And I ain't smokin' none of that unless the weed stick,1,Drugs
Bitch I'm in the zone and if I ever leave,1,Drugs
Fuck a jacket I'ma rock my tattoo sleeves,1,Drugs
I got thirty naked bitches in the kitchen,1,Drugs
Crumblin' the herb and rollin' it up in the Swishers,1,Drugs
"Kush is my cologne, every minute blowin' heavy",1,Drugs
"I don't smoke it on occasion, everyday is 4/20",1,Drugs
"All I do is flame shit, I don't do that change shit",1,Drugs
"EST for life bitch, ya I do that gang shit",1,Drugs
"Look at who I came with, better fix ya face quick",1,Drugs
Cause I gotta lot of muh-fuckers with me we all on the same shit,1,Drugs
"Now pass me the dutching-ton,",1,Drugs
I still gotta nickle crumbled in the George Washington,1,Drugs
Order up a quarter my connect is on the phone,1,Drugs
Mix the purple with the lemon G kush and get stoned,1,Drugs
"God damn it im gone, blowin' with the wind",1,Drugs
"Cleveland is the city, see it showin' on the brim",1,Drugs
Black lights on the tats glowin' on my skin,1,Drugs
And my blunt is never lonely all my L's got twins blaze up!,1,Drugs
"Yeah, blaze up, lil' bitch blaze up",1,Drugs
"So what the fuck blaze up, ugh, blaze up, kels Blaze up",1,Drugs
And we burnin' up like the heat is on,1,Drugs
"Kelly smellin' good, blowin' wood",1,Drugs
Bitch my life is like a weed-a-thon,1,Drugs
Size 12 Chuck Taylors what my feet is on,1,Drugs
Laced up blazin' back to back like repeat a song,1,Drugs
"And fuck the police boy, I say it proud",1,Drugs
And if they hear me fuck the police say it loud,1,Drugs
20 dollars and a dream bitch I'm livin',1,Drugs
"Back strokin' in yo girl, no swimmin'",1,Drugs
(Sorry) boy that's pimpin',1,Drugs
"You wanna know my goal, a couple sold out shows",1,Drugs
Some hoes and a pocket full of woah,1,Drugs
"Got it for the low, tear the place up",1,Drugs
"Pass the dutch and blaze up, motherfucker lace up",1,Drugs
"Ughhh. blaze up,",1,Drugs
Hundred words and runnin,1,Drugs
Lace up. lace up bitch. EST blaze up,1,Drugs
Kels laced up. Gone,1,Drugs
"Alright, Alright, Alright, Alright, Alright",1,Drugs
"Alright, Alright, Alright, Alright, Alright",1,Drugs
I am walking along a very cold road and,1,Drugs
Wherever it ends and where it begins,1,Drugs
I do not know (oh no),1,Drugs
But I've noticed that (Uh-Huh),1,Drugs
It keeps rollin' and (Uh-Huh),1,Drugs
"It'll take you anywhere, don't matter where your going yeah",1,Drugs
So I just want to let you know that,1,Drugs
I'm about to let it blow,1,Drugs
Ain't on that middle grade no,1,Drugs
It's that professional,1,Drugs
It ain't gone be no pain,1,Drugs
"I'm about to let it go (let it go, let it go, let it go, let it go)",1,Drugs
"Goodbye (goodbye), I'll be gone for a while, I'm on Cloud 9",1,Drugs
(I said goodbye),1,Drugs
"I'll be gone for a while, I'll see you next time",1,Drugs
"I'll be gone for a while, I on Cloud 9",1,Drugs
(I said goodbye),1,Drugs
"I'll be gone for a while, I'll see you next time",1,Drugs
Now I really ain't the type tuh (Uh-Huh),1,Drugs
Be braggin about my wife but (Uh-Huh),1,Drugs
Mary Jane is outta sight and (Uh-Huh),1,Drugs
She can do it all night and (Fa show),1,Drugs
Best believe she down to blow where (Was-sup),1,Drugs
Ever ya tryin' to go and (Was-sup),1,Drugs
Oh no you don't need no lotion (Was-sup),1,Drugs
Just a blunt and a nigga to roll it (Fa Show),1,Drugs
So I just want to let you know that,1,Drugs
I'm about to let it blow,1,Drugs
Ain't on that middle grade no,1,Drugs
It's that professional,1,Drugs
It ain't gone be no pain,1,Drugs
"I'm about to let it go (let it go, let it go, let it go, let it go)",1,Drugs
"Goodbye (goodbye), I'll be gone for a while, I'm on Cloud 9",1,Drugs
(I said goodbye),1,Drugs
"I'll be gone for a while, I'll see you next time",1,Drugs
"I'll be gone for a while, I on Cloud 9",1,Drugs
(I said goodbye),1,Drugs
"I'll be gone for a while, I'll see you next time",1,Drugs
"Bye(bye), Bye(bye), I said Good-Bye (I say goodbye)",1,Drugs
"Bye(bye), Bye(bye), Goodbye (Goodbye)",1,Drugs
"Bye(bye), Bye(bye), I said Goodbye",1,Drugs
"So what's up man?
Cooling man",1,Drugs
Chilling chilling?,1,Drugs
"Yo you know I had to call, you know why right?",1,Drugs
Why?,1,Drugs
"Because, yo, I never ever call and ask, you to play something right?",1,Drugs
Yeah,1,Drugs
You know what I wanna hear right?,1,Drugs
"What you wanna hear?
I wanna hear that Wu-Tang joint",1,Drugs
Wu-Tang again?,1,Drugs
"Ah yeah, again and again!",1,Drugs
"Wu-Tang Clan coming at you, protect your neck kid, so set it off the Inspector Deck",1,Drugs
[Meth] watch your step kid [8X],1,Drugs
I smoke on the mic like smoking Joe Frazier,1,Drugs
"The hell raiser, raising hell with the flavor",1,Drugs
Terrorize the jam like troops in Pakistan,1,Drugs
Swinging through your town like your neighborhood Spiderman,1,Drugs
"So uhh, tic toc and keep ticking",1,Drugs
While I get you flipping off the shit I'm kicking,1,Drugs
"The Lone Ranger, code red, danger!",1,Drugs
Deep in the dark with the art to rip charts apart,1,Drugs
"The vandal, too hot to handle",1,Drugs
"you battle, you're saying Goodbye like Tevin Campbell",1,Drugs
"Roughneck, Inspector Deck's on the set",1,Drugs
"The rebel, I make more noise than heavy metal",1,Drugs
"The way I make the crowd go wild, sit back relax won't smile",1,Drugs
"Rae got it going on pal, call me the rap assassinator",1,Drugs
Rhymes rugged and built like Schwarzenegger,1,Drugs
"And I'm gonna get mad deep like a threat, blow up your project",1,Drugs
Then take all your assets,1,Drugs
Cause I came to shake the frame in half,1,Drugs
"With the thoughts that bomb, shit like math!",1,Drugs
So if you wanna try to flip go flip on the next man,1,Drugs
Cause I grab the clip and,1,Drugs
Hit you with sixteen shots and more I got,1,Drugs
Going to war with the melting pot hot,1,Drugs
It's the Method Man for short Mr. Meth,1,Drugs
"Moving on your left, ah!",1,Drugs
"And set it off, get it off, let it off like a gat",1,Drugs
"I wanna break full, cock me back",1,Drugs
"Small change, they putting shame in the game",1,Drugs
I take aim and blow that nigga out the frame,1,Drugs
"And like Fame, my style'll live forever",1,Drugs
"Niggaz crossing over, but they don't know no better",1,Drugs
"But I do, true, can I get a ""sue""",1,Drugs
Nuff respect due to the one-six-oh,1,Drugs
"I mean oh, you check out the flow",1,Drugs
like the Hudson or PCP when I'm dusting,1,Drugs
Niggaz off because I'm hot like sauce,1,Drugs
The smoke from the lyrical blunt makes me [cough],1,Drugs
"Oh, what, grab my nut get screwed",1,Drugs
"Ow, here comes my Shaolin style",1,Drugs
"Sloop, B. A. Buh-B. Y. U",1,Drugs
"to my crew with the ""sue""",1,Drugs
watch your step kid,1,Drugs
[Ol Dirty Bastard] c'mon baby baby c'mon,1,Drugs
"[RZA] Yo, you best protect your neck",1,Drugs
First things first man you're fucking with the worst,1,Drugs
I'll be sticking pins in your head like a fucking nurse,1,Drugs
I'll attack any nigga who's slack in his mack,1,Drugs
Come fully packed with a fat rugged stack,1,Drugs
Shame on you when you stepped through to,1,Drugs
The Ol Dirty Bastard straight from the Brooklyn Zoo,1,Drugs
And I'll be damned if I let any man,1,Drugs
"Come to my center, you enter the winter",1,Drugs
Straight up and down that shit packed jam,1,Drugs
"You can't slam, don't let me get fool on him man",1,Drugs
The Ol Dirty Bastard is dirty and stinking,1,Drugs
"Ason, unique rolling with the night of the creeps",1,Drugs
Niggaz be rolling with a stash,1,Drugs
"ain't saying cash, bite my style I'll bite your motherfucking ass!",1,Drugs
For crying out loud my style is wild so book me,1,Drugs
Not long is how long that this rhyme took me,1,Drugs
"Ejecting, styles from my lethal weapon",1,Drugs
My pen that rocks from here to Oregon,1,Drugs
"Here's Mordigan, catch it like a psycho flashback",1,Drugs
"I love gats, if rap was a gun, you wouldn't bust back",1,Drugs
I come with shit that's all types of shapes and sounds,1,Drugs
And where I lounge is my stomping grounds,1,Drugs
I give a order to my peeps across the water,1,Drugs
To go and snatch up props all around the border,1,Drugs
And get far like a shooting star,1,Drugs
'cause who I am is dim in the light of Pablo Escobar,1,Drugs
Point blank as I kick the square biz,1,Drugs
There it is you're fucking with pros and there it goes,1,Drugs
You chill with the feedback black we don't need that,1,Drugs
"It's ten o'clock hoe, where the fuck's your seed at?",1,Drugs
"Feeling mad hostile, ran the apostle",1,Drugs
Flowing like Christ when I speaks the gospel,1,Drugs
Stroll with the holy roll then attack the globe with the buckus style,1,Drugs
"the ruckus, ten times ten men committing mad sin",1,Drugs
Turn the other cheek and I'll break your fucking chin,1,Drugs
Slaying boom-bangs like African drums (we'll be),1,Drugs
Coming around the mountain when I come,1,Drugs
Crazy flamboyant for the rap enjoyment,1,Drugs
My clan increase like black unemployment,1,Drugs
"Yeah, another one dare,",1,Drugs
Tuh-took a genius (to) take us the fuck outta here,1,Drugs
The Wu is too slamming for these Cold Killing labels,1,Drugs
Some ain't had hits since I seen Aunt Mabel,1,Drugs
Be doing artists in like Cain did Abel,1,Drugs
Now they money's gettin stuck to the gum under the table,1,Drugs
That's what you get when you misuse what I invent,1,Drugs
Your empire falls and you lose every cent,1,Drugs
For trying to blow up a scrub,1,Drugs
Now that thought was just as bright as a 20-watt light bulb,1,Drugs
Should've pumped it when I rocked it,1,Drugs
Niggaz so stingy they got short arms and deep pockets,1,Drugs
This goes on in some companies,1,Drugs
With majors they're scared to death to pump these,1,Drugs
"First of all, who's your A&R",1,Drugs
A mountain climber who plays an electric guitar,1,Drugs
But he don't know the meaning of dope,1,Drugs
When he's looking for a suit and tie rap,1,Drugs
that's cleaner than a bar of soap,1,Drugs
And I'm the dirtiest thing in sight,1,Drugs
Matter of fact bring out the girls and let's have a mud fight,1,Drugs
You take Sally and I'll take Sue,1,Drugs
There ain't no difference between the two,1,Drugs
"Cocaine, running all 'round my brain",1,Drugs
"Headin' down Scott, turnin' up Main",1,Drugs
Looking for that girl who sells cocaine,1,Drugs
"Cocaine, runnin' all 'round my brain",1,Drugs
Mmm momma come here quick,1,Drugs
That old Cocaine 'bout to make me sick,1,Drugs
"Cocaine, runnin' all 'round my brain",1,Drugs
Late last night about a quarter past four,1,Drugs
Ladanyi come knockin' down my hotel room door,1,Drugs
Where's the cocaine?,1,Drugs
It's runnin' all 'round my brain,1,Drugs
I was talking to my doctor down at the hospital,1,Drugs
"He said, ""Son, it says here you're twenty-seven",1,Drugs
But that's impossible ...,1,Drugs
"(Cocaine) You look like you could be forty-five.""",1,Drugs
Now I'm losing touch with reality and I'm almost out of blow,1,Drugs
It's such a fine line I hate to see it go,1,Drugs
"Cocaine, runnin' all 'round my brain",1,Drugs
I heard somebody fixed today,1,Drugs
There was no last goodbyes to say,1,Drugs
His will to live ran out,1,Drugs
I heard somebody turned to dust,1,Drugs
Looking back at what he left,1,Drugs
A list of plans and photographs,1,Drugs
Songs that never will be sung,1,Drugs
These are the things he don't get done,1,Drugs
"I've seen the man use the needle, seen the needle use the man",1,Drugs
I've seen them crawl from the cradle to the gutter on their hands,1,Drugs
"They fight a war but it's fatal, it's so hard to understand",1,Drugs
"I've seen the man use the needle, seen the needle use the man",1,Drugs
Just one shot to say goodbye,1,Drugs
One last taste to mourn and cry,1,Drugs
"Scores and shoots, the lights go dim",1,Drugs
Just one shot to do him in,1,Drugs
He hangs his head and wonders why,1,Drugs
Why the monkey only lies,1,Drugs
"But pay the pauper, he did choose",1,Drugs
He hung his head inside the noose,1,Drugs
"I've seen the man use the needle, seen the needle use the man",1,Drugs
I've seen them crawl from the cradle to the gutter on their hands,1,Drugs
"They fight a war but it's fatal, it's so hard to understand",1,Drugs
"I've seen the man use the needle, seen the needle use the man",1,Drugs
"Cryptic writing on the wall, the beginning of the end",1,Drugs
"I've seen myself use the needle, seen the needle in my hand",1,Drugs
Blood keeps drinking away,1,Drugs
Certain of its destination,1,Drugs
Driving through new orleans at night,1,Drugs
Gotta find a destination,1,Drugs
Just one fix,1,Drugs
Life keeps slipping away,1,Drugs
Fighting in a war with damnation,1,Drugs
"Poised, keep cutting away",1,Drugs
I'm looking in through to salvation,1,Drugs
Just one fix,1,Drugs
Like if I boarded a train,1,Drugs
Trying to take in another station,1,Drugs
Join us and the choice will be made,1,Drugs
Unless we kill the lie as a nation,1,Drugs
[Roll up! Roll up for the magical mystery tour!,1,Drugs
Step right this way!],1,Drugs
"Roll up, roll up for the mystery tour",1,Drugs
"Roll up, roll up for the mystery tour",1,Drugs
"Roll up (And that's an invitation), roll up for the mystery tour",1,Drugs
"Roll up (To make a reservation), roll up for the mystery tour",1,Drugs
The magical mystery tour is waiting to take you away,1,Drugs
Waiting to take you away,1,Drugs
"Roll up, roll up for the mystery tour",1,Drugs
"Roll up, roll up for the mystery tour",1,Drugs
"Roll up (We've got everything you need), roll up for the mystery tour",1,Drugs
"Roll up (Satisfaction guaranteed), roll up for the mystery tour",1,Drugs
The magical mystery tour is hoping to take you away,1,Drugs
Hoping to take you away,1,Drugs
Mystery trip,1,Drugs
Aaaah... the magical mystery tour,1,Drugs
"Roll up, roll up for the mystery tour",1,Drugs
"Roll up (And that's an invitation), roll up for the mystery tour",1,Drugs
"Roll up (To make a reservation), roll up for the mystery tour",1,Drugs
The magical mystery tour is coming to take you away,1,Drugs
Coming to take you away,1,Drugs
The magical mystery tour is dying to take you away,1,Drugs
"Dying to take you away, take you today",1,Drugs
"Welcome, to some shit that’s considered legendary",1,Drugs
I’m here to put the rap game in the cemetery,1,Drugs
They told me it couldn’t happen,1,Drugs
Ain’t no way in hell you gon' make millions off of rapping,1,Drugs
But I’m just so determined,1,Hello
Catch me on the stage spitting verses like a sermon,1,Hello
You know I had to make 'em realize,1,Hello
"Lights, camera, action, mofucker check the real in my eyes",1,Hello
Now they all looking so surprised,1,Hello
"The dawn of a new era, like the sun I arise",1,Hello
"Through these lyrics, I am immortalized",1,Hello
Strictly spitting the truth but the rest is telling more lies,1,Hello
This the type of shit most people fantasize,1,Hello
But this the shit I used to analyze,1,Hello
They told me I was too underground,1,Hello
So I took the mic out my basement and found another sound,1,Hello
"I want it, I need it, I’m coming for the crown",1,Hello
"Can’t nobody stop me, I’m Rocky lets go another round",1,Hello
I’m kinda on my Roc-A-Fella meets Nelson Mandela,1,Hello
"Raining money, no umbrella flow",1,Hello
Most of these people they will never know,1,Hello
What you have to sacrifice as a person to truly grow,1,Hello
See I'm in love with this shorty right,1,Hello
But first I gotta get this story right,1,Hello
Cause in this business love will never last,1,Hello
"Sold out shows, hoes, and a whole lot of ass",1,Hello
Damn what a concoction,1,Hello
But these hoes ain't an option,1,Hello
Cause a woman what I'm looking for,1,Hello
A girl with wisdom that give me brain so insane,1,Hello
Or maybe I'm just going insane,1,Hello
"On the road to success, so I'm living in the fast lane",1,Hello
"You gotta be hustling, like",1,Hello
You gotta treat this like you selling drugs...,1,Hello
It's ya boy yo gotti,1,Hello
Chea,1,Hello
Gucci mane the flare,1,Hello
My nigga Ralph in here,1,Hello
Zaytoven on the beat nigga,1,Hello
And it's a street nigga holiday,1,Hello
My Nigga D.J Holiday,1,Hello
Chea,1,Hello
Bricks,1,Hello
All white bricks,1,Hello
Off white bricks,1,Hello
Light tan bricks,1,Hello
"Just hit a lick, For 50 more bricks",1,Hello
"Balling like a bitch, with all these bricks",1,Hello
Bricks,1,Hello
36 zips,1,Hello
That's a whole chick,1,Hello
Wanna bad bitch? Gotta have bricks,1,Hello
Yea that make sense,1,Hello
Yea I make hits,1,Hello
But I still take bricks,1,Hello
"So icy c.e.o, I'm a fool with the snow",1,Hello
They think I'm puttin' v.v.s jewels in the coke,1,Hello
"My watch a cool hundred, Paint-job a cold 20",1,Hello
"And after this flip I'm quittin' the trap cold turkey, Sike!",1,Hello
The pack in and I'm workin',1,Hello
"Drought season in, charged ya ass a whole 30",1,Hello
But right now you can get it for a low number,1,Hello
"The fish scale white, Same color my hummer",1,Hello
Zone 6 polar bears never see summer,1,Hello
It's winter all year cause the birds fly under,1,Hello
95' Air Max cause I'm a dope runna',1,Hello
I'm ballin' like an athlete but got no jumper I'ts,1,Hello
Bricks,1,Hello
All white bricks,1,Hello
Off white bricks,1,Hello
Light tan bricks,1,Hello
Just hit a lick,1,Hello
For 50 more bricks,1,Hello
"Balling like a bitch, with all these bricks",1,Hello
Bricks,1,Hello
36 zips,1,Hello
That's a whole chick,1,Hello
Wanna bad bitch? Gotta have bricks,1,Hello
Yea that make sense,1,Hello
Yea I make hits,1,Hello
But I still take bricks,1,Hello
I'm like a waitress in the trap I got somethin' to serve,1,Hello
"That's 16 bars, Same price for a bird",1,Hello
What you need a bird?,1,Hello
Or A Couple Pounds?,1,Hello
"I'm on Cleveland Ave, You know my side of town",1,Hello
So many bricks I can build my own apartment,1,Hello
"Ya better a check, When ya come in my department",1,Hello
Yes I break em' down,1,Hello
"And I sell em' whole, Try me watch ya whole crew fall like some dominoes",1,Hello
I got a trap house,1,Hello
And a trap car,1,Hello
"100, 00 off a cap, That's a trap star",1,Hello
All this smoke got me feelin' real nauseous,1,Hello
Ridin' with them bricks got me feelin' real cautious,1,Hello
Bricks,1,Hello
All white bricks,1,Hello
Off white bricks,1,Hello
Light tan bricks,1,Hello
Just hit a lick,1,Hello
For 50 more bricks,1,Hello
"Balling like a bitch, with all these bricks",1,Hello
Bricks,1,Hello
36 zips,1,Hello
That's a whole chick,1,Hello
Wanna bad bitch? Gotta have bricks,1,Hello
Yea that make sense,1,Hello
Yea I make hits,1,Hello
But I still take bricks,1,Hello
"Tony Montana, All I have in this world",1,Hello
Is my 100 round chopper and my white girl,1,Hello
"Oil base bricks, Shit hard to cook",1,Hello
"Call the plug back, Tell him he got took",1,Hello
Know what that mean? The shit free,1,Hello
"That mean none for him, And more for me",1,Hello
"I took somethin', I'm gutta bitch",1,Hello
"Don't trust me dog, This that North Memphis shit",1,Hello
"Old school, New Porsche",1,Hello
Couple choppas just in case they wanna go to war bricks,1,Hello
A.k.a my best friend,1,Hello
28 inch rims call em' grown men,1,Hello
"Dope stepped on, Call it step child",1,Hello
"I got that Slim Shady, We call it 8 Mile",1,Hello
"I'm from North Memphis, Watkins and Brown",1,Hello
"Gotti Street, And nigga that's my brick house",1,Hello
Bricks,1,Hello
All white bricks,1,Hello
Off white bricks,1,Hello
Light tan bricks,1,Hello
Just hit a lick,1,Hello
For 50 more bricks,1,Hello
"Balling like a bitch, with all these bricks",1,Hello
Bricks,1,Hello
36 zips,1,Hello
That's a whole chick,1,Hello
Wanna bad bitch? Gotta have bricks,1,Hello
Yea that make sense,1,Hello
Yea I make hits,1,Hello
But I still take bricks,1,Hello
Host: I've heard whispers about the financial support,1,Hello
your government receives from the drug industry.,1,Hello
"Guest: Well, the irony of this, of course, is that",1,Hello
"this money, which is in the billions, is coming from",1,Hello
"your country. You see, you are the major purchaser of",1,Hello
"our national product, which is of course cocaine.",1,Hello
"Host: On one hand, you're saying the United States",1,Hello
government is spending millions of dollars to,1,Hello
eliminate the flow of drugs onto our streets. At the,1,Hello
"same time, we are doing business with the very same",1,Hello
government that is flooding our streets with cocaine.,1,Hello
"Guest: Mmm-hmm, si, si. Let me show you a few other",1,Hello
characters that are involved in this tragic comedy.,1,Hello
"Guest: Mmm-hmm, si, si. Let me show you a few other",1,Hello
characters that are involved in this tragic comedy.,1,Hello
*Two Men Speak in Spanish*,1,Hello
"I'm on the border of Bolivia, working for pennies",1,Hello
"Treated like a slave, the coke fields have to be ready",1,Hello
"The spirit of my people is starving, broken and sweaty",1,Hello
Dreaming about revolution (REVOLUTION!) looking at my machete,1,Hello
But the workload is too heavy to rise up in arms,1,Hello
"And if I ran away, I know they'd probably murder my moms",1,Hello
"So I pray to ""Heso Preisto"" when I go to the mission",1,Hello
"Process the cocaine, paced and play my position",1,Hello
"Ok, listen while I'm out there, just give me my product",1,Hello
Before we chop off ya hands for worker's misconduct,1,Hello
"I got the power to shoot a copper, and not get charged",1,Hello
And it would be sad to see your family in front of a firing squad,1,Hello
"So to feed your kids, I need these bricks",1,Hello
"40 tons in total, let me test it, indeed I (*sniff*)",1,Hello
"Shit, this is good, pass me a tissue",1,Hello
"And don't worry about them, I paid off the officials",1,Hello
"Yo, it don't come as a challenge, I'm the son of some of the foulest",1,Hello
"Our whole universe was in a hot dense state,",0,Hello
Then nearly fourteen billion years ago expansion started. Wait...,0,Hello
"The Earth began to cool,",0,Hello
"The autotrophs began to drool,",0,Hello
"Neanderthals developed tools,",0,Hello
"We built a wall (we built the pyramids),",0,Hello
"Math, science, history, unraveling the mystery,",0,Hello
That all started with the big bang (bang)!,0,Hello
"Since the dawn of man is really not that long,",0,Hello
As every galaxy was formed in less time than it takes to sing this song.,0,Hello
A fraction of a second and the elements were made.,0,Hello
"The bipeds stood up straight,",0,Hello
"The dinosaurs all met their fate,",0,Hello
They tried to leap but they were late,0,Hello
And they all died (they froze their asses off),0,Hello
The oceans and Pangaea,0,Hello
See ya wouldn't wanna be ya,0,Hello
Set in motion by the same big bang!,0,Hello
It all started with the big bang!,0,Hello
It's expanding ever outward but one day,0,Hello
It will pause and start to go the other way.,0,Hello
"Collapsing ever inward, we won't be here, it won't be heard",0,Hello
Our best and brightest figure that it'll make an even bigger bang!,0,Hello
Australopithecus would really have been sick of us,0,Hello
"Debating how we're here, they're catching deer (we're catching viruses)",0,Hello
Religion or astronomy (Descartes or Deuteronomy),0,Hello
It all started with the big bang!,0,Hello
"Music and mythology, Einstein and astrology",0,Hello
It all started with the big bang!,0,Hello
It all started with the big... bang!,0,Hello
You Go To My Head,0,Hello
Someone To Watch Over Me,0,Hello
These Foolish Things (Remind Me Of You),0,Hello
Why Shouldn't I?,0,Hello
I Don't Know Why (I Just Do),0,Hello
Try A Little Tenderness,0,Hello
(I Don't Stand) A Ghost Of A Chance With You,0,Hello
Paradise,0,Hello
Body And Soul,0,Hello
Laura,0,Hello
Fools Rush In,0,Hello
Spring Is Here,0,Hello
One For My Baby (And One More For The Road),0,Hello
Guess I'll Hang My Tears Out To Dry,0,Hello
When You Awake,0,Hello
It Never Entered My Mind,0,Hello
I'm Sorry I Made You Cry,0,Hello
How Deep Is The Ocean?,0,Hello
Over The Rainbow,0,Hello
She's Funny That Way,0,Hello
Embraceable You,0,Hello
All The Things You Are,0,Hello
That Old Black Magic,0,Hello
I Concentrate On You,0,Hello
Lover,0,Hello
It's Only A Paper Moon,0,Hello
My Blue Heaven,0,Hello
It All Depends On You,0,Hello
You Do Something To Me,0,Hello
Should I?,0,Hello
The Continental,0,Hello
When You're Smiling,0,Hello
My Funny Valentine,0,Hello
The Girl Next Door,0,Hello
A Foggy Day,0,Hello
Like Someone In Love,0,Hello
I Get A Kick Out Of You,0,Hello
Little Girl Blue,0,Hello
They Can't Take That Away From Me,0,Hello
Violets For Your Furs,0,Hello
Just One Of Those Things,0,Hello
I'm Gonna Sit Right Down (And Write Myself A Letter),0,Hello
Sunday,0,Hello
Wrap Your Troubles In Dreams,0,Hello
Taking A Chance On Love,0,Hello
Jeepers Creepers,0,Hello
Get Happy,0,Hello
All Of Me,0,Hello
In The Wee Small Hours Of The Morning,0,Hello
Mood Indigo,0,Hello
Glad To Be Unhappy,0,Hello
I Get Along Without You Very Well,0,Hello
Deep In A Dream,0,Hello
I See Your Face Before Me,0,Hello
Can't We Be Friends?,0,Hello
When Your Lover Has Gone,0,Hello
What Is This Thing Called Love,0,Hello
Last Night When We Were Young,0,Hello
I'll Be Around,0,Hello
Ill Wind,0,Hello
It Never Entered My Mind,0,Hello
Dancing On The Ceiling,0,Hello
I'll Never Be The Same,0,Hello
This Love Of Mine,0,Hello
You Make Me Feel So Young,0,Hello
It Happened In Monterey,0,Hello
You're Getting To Be A Habit With Me,0,Hello
You Brought A New Kind Of Love To Me,0,Hello
Too Marvelous For Words,0,Hello
Old Devil Moon,0,Hello
Pennies From Heaven,0,Hello
Love Is Here To Stay,0,Hello
I've Got You Under My Skin,0,Hello
I Thought About You,0,Hello
We'll Be Together Again,0,Hello
Makin' Whoopee,0,Hello
Swingin' Down The Lane,0,Hello
Anything Goes,0,Hello
How About You?,0,Hello
Close To You,0,Hello
P.S. I Love You,0,Hello
Love Locked Out,0,Hello
Everything Happens To Me,0,Hello
It's Easy To Remember,0,Hello
Don't Like Goodbyes,0,Hello
With Every Breath I Take,0,Hello
Blame It On My Youth,0,Hello
It Could Happen To You,0,Hello
I've Had My Moments,0,Hello
I Couldn't Sleep A Wink Last Night,0,Hello
The End Of A Love Affair,0,Hello
Night And Day,0,Hello
I Wish I Were In Love Again,0,Hello
I Got Plenty O' Nuttin',0,Hello
I Guess I'll Have To Change My Plan,0,Hello
Nice Work If You Can Get It,0,Hello
Stars Fell On Alabama,0,Hello
No One Ever Tells You,0,Hello
I Won't Dance,0,Hello
The Lonesome Road,0,Hello
At Long Last Love,0,Hello
You'd Be So Nice To Come Home To,0,Hello
I Got It Bad (And That Ain't Good),0,Hello
From This Moment On,0,Hello
If I Had You,0,Hello
Oh! Look At Me Now,0,Hello
Where Are You?,0,Hello
The Night We Called It A Day,0,Hello
I Cover The Waterfront,0,Hello
Maybe You'll Be There,0,Hello
Laura,0,Hello
Lonely Town,0,Hello
Autumn Leaves,0,Hello
I'm A Fool To Want You,0,Hello
I Think Of You,0,Hello
Where Is The One?,0,Hello
There's No You,0,Hello
"Baby, Won't You Please Come Home",0,Hello
I Can Read Between The Lines[CD Reissue Bonus Track],0,Hello
It Worries Me[CD Reissue Bonus Track],0,Hello
Rain[CD Reissue Bonus Track],0,Hello
Don't Worry 'Bout Me[CD Reissue Bonus Track],0,Hello
Come Fly With Me,0,Hello
Around The World,0,Hello
Isle Of Capri,0,Hello
Moonlight In Vermont,0,Hello
Autumn In New York,0,Hello
On The Road To Mandalay,0,Hello
Let's Get Away From It All,0,Hello
April In Paris,0,Hello
London By Night,0,Hello
Brazil,0,Hello
Blue Hawaii,0,Hello
It's Nice To Go Trav'ling,0,Hello
Chicago[CD Reissue Bonus Track],0,Hello
South Of The Border[CD Reissue Bonus Track],0,Hello
I Love Paris[CD Reissue Bonus Track],0,Hello
Only The Lonely,0,Hello
Angel Eyes,0,Hello
What's New?,0,Hello
It's A Lonesome Old Town,0,Hello
Willow Weep For Me,0,Hello
Good-Bye,0,Hello
Blues In The Night,0,Hello
Guess I'll Hang My Tears Out To Dry,0,Hello
Ebb Tide,0,Hello
Spring Is Here,0,Hello
Gone With The Wind,0,Hello
One For My Baby (And One More For The Road),0,Hello
Sleep Warm[CD Reissue Bonus Track],0,Hello
Where Or When[CD Reissue Bonus Track],0,Hello
Come Dance With Me,0,Hello
Something's Gotta Give,0,Hello
Just In Time,0,Hello
Dancing In The Dark,0,Hello
Too Close For Comfort,0,Hello
I Could Have Danced All Night,0,Hello
Saturday Night (Is The Loneliest Night Of The Week),0,Hello
"Day In, Day Out",0,Hello
Cheek To Cheek,0,Hello
"Baubles, Bangles And Beads",0,Hello
The Song Is You,0,Hello
The Last Dance,0,Hello
It All Depends On You[CD Reissue Bonus Track],0,Hello
Nothing In Common[CD Reissue Bonus Track],0,Hello
Same Old Song And Dance[CD Reissue Bonus Track],0,Hello
How Are Ya' Fixed For Love?[CD Reissue Bonus Track],0,Hello
Look To Your Heart,0,Hello
Anytime-Anywhere,0,Hello
Not As A Stranger,0,Hello
Our Town,0,Hello
"You, My Love",0,Hello
Same Old Saturday Night,0,Hello
Fairy Tale,0,Hello
The Impatient Years,0,Hello
I Could Have Told You,0,Hello
When I Stop Loving You,0,Hello
If I Had Three Wishes,0,Hello
I'm Gonna Live Till I Die,0,Hello
When No One Cares,0,Hello
A Cottage For Sale,0,Hello
Stormy Weather,0,Hello
Where Do You Go?,0,Hello
(I Don't Stand) A Ghost Of A Chance With You,0,Hello
Here's That Rainy Day,0,Hello
I Can't Get Started,0,Hello
Why Try To Change Me Now?,0,Hello
Just Friends,0,Hello
I'll Never Smile Again,0,Hello
None But The Lonely Heart,0,Hello
The One I Love (Belongs To Somebody Else)[CD Reissue Bonus Track],0,Hello
This Was My Love[CD Reissue Bonus Track],0,Hello
I Could Have Told You[CD Reissue Bonus Track],0,Hello
You Forgot All The Words (While I Still Remember The Tune)[CD Reissue Bonus Track],0,Hello
Nice 'n' Easy,0,Hello
That Old Feeling,0,Hello
How Deep Is The Ocean?,0,Hello
I've Got A Crush On You,0,Hello
You Go To My Head,0,Hello
Fools Rush In,0,Hello
Nevertheless,0,Hello
She's Funny That Way,0,Hello
Try A Little Tenderness,0,Hello
Embraceable You,0,Hello
Mam'selle,0,Hello
Dream,0,Hello
The Nearness Of You[CD Reissue Bonus Track],0,Hello
Someone To Watch Over Me[CD Reissue Bonus Track],0,Hello
"Day In, Day Out[CD Reissue Bonus Track]",0,Hello
My One And Only Love[CD Reissue Bonus Track],0,Hello
When You're Smiling,0,Hello
Blue Moon,0,Hello
S'posin',0,Hello
It All Depends On You,0,Hello
It's Only A Paper Moon,0,Hello
My Blue Heaven,0,Hello
Should I?,0,Hello
September In The Rain,0,Hello
Always,0,Hello
I Can't Believe That You're In Love With Me,0,Hello
I Concentrate On You,0,Hello
You Do Something To Me,0,Hello
Sentimental Baby[CD Reissue Bonus Track],0,Hello
Hidden Persuasion[CD Reissue Bonus Track],0,Hello
Ol' McDonald[CD Reissue Bonus Track],0,Hello
Day By Day,0,Hello
Sentimental Journey,0,Hello
Almost Like Being In Love,0,Hello
Five Minutes More,0,Hello
American Beauty Rose,0,Hello
Yes Indeed,0,Hello
On The Sunny Side Of The Street,0,Hello
Don't Take Your Love From Me,0,Hello
That Old Black Magic,0,Hello
Lover,0,Hello
Paper Doll,0,Hello
I've Heard That Song Before,0,Hello
I Love You[CD Reissue Bonus Track],0,Hello
Why Should I Cry Over You[CD Reissue Bonus Track],0,Hello
How Could You Do A Thing Like That To Me[CD Reissue Bonus Track],0,Hello
"River, Stay 'Way From My Door[CD Reissue Bonus Track]",0,Hello
I Gotta Right To Sing The Blues[CD Reissue Bonus Track],0,Hello
"(Ah, The Apple Trees) When The World Was Young",0,Hello
I'll Remember April,0,Hello
September Song,0,Hello
A Million Dreams Ago,0,Hello
I'll See You Again,0,Hello
There Will Never Be Another You,0,Hello
Somewhere Along The Way,0,Hello
It's A Blue World,0,Hello
These Foolish Things (Remind Me Of You),0,Hello
As Time Goes By,0,Hello
I'll Be Seeing You,0,Hello
Memories Of You,0,Hello
"Day In, Day Out[CD Reissue Bonus Track]",0,Hello
Don't Make A Beggar Of Me[CD Reissue Bonus Track],0,Hello
Lean Baby[CD Reissue Bonus Track],0,Hello
I'm Walking Behind You[CD Reissue Bonus Track],0,Hello
Ring-A-Ding Ding,0,Hello
Let's Fall In Love,0,Hello
In The Still Of The Night,0,Hello
A Foggy Day,0,Hello
Let's Face The Music And Dance,0,Hello
You'd Be So Easy To Love,0,Hello
A Fine Romance,0,Hello
The Coffee Song,0,Hello
"Be Careful, It's My Heart",0,Hello
I've Got My Love To Keep Me Warm,0,Hello
Zing! Went The Strings Of My Heart,0,Hello
You And The Night And The Music,0,Hello
When I Take My Sugar To Tea,0,Hello
The Last Dance,0,Hello
The Second Time Around,0,Hello
Tina,0,Hello
In The Blue Of Evening,0,Hello
I'll Be Seeing You,0,Hello
I'm Getting Sentimental Over You,0,Hello
Imagination,0,Hello
Take Me,0,Hello
Without A Song,0,Hello
Polka Dots And Moonbeams,0,Hello
Daybreak,0,Hello
The One I Love (Belongs To Somebody Else),0,Hello
There Are Such Things,0,Hello
It's Always You,0,Hello
It Started All Over Again,0,Hello
East Of The Sun (And West Of The Moon),0,Hello
The Curse Of An Aching Heart,0,Hello
Love Walked In,0,Hello
Please Don't Talk About Me When I'm Gone,0,Hello
Have You Met Miss Jones?,0,Hello
Don't Be That Way,0,Hello
I Never Knew,0,Hello
Falling In Love With Love,0,Hello
It's A Wonderful World,0,Hello
Don't Cry Joe,0,Hello
You're Nobody 'Til Somebody Loves You,0,Hello
Moonlight On The Ganges,0,Hello
Granada,0,Hello
As You Desire Me,0,Hello
Stardust,0,Hello
Yesterdays,0,Hello
I Hadn't Anyone Till You,0,Hello
It Might As Well Be Spring,0,Hello
Prisoner Of Love,0,Hello
That's All,0,Hello
Don't Take Your Love From Me,0,Hello
Misty,0,Hello
Come Rain Or Come Shine,0,Hello
Night And Day,0,Hello
All Or Nothing At All,0,Hello
Pocketful Of Miracles,0,Hello
Name It And It's Yours,0,Hello
The Song Is Ended,0,Hello
All Alone,0,Hello
Charmaine,0,Hello
When I Lost You,0,Hello
Remember,0,Hello
Together,0,Hello
The Girl Next Door,0,Hello
Indiscreet,0,Hello
What'll I Do?,0,Hello
"Oh, How I Miss You Tonight",0,Hello
Are You Lonesome Tonight?,0,Hello
Come Waltz With Me,0,Hello
Everybody's Twistin',0,Hello
Nothing But The Best,0,Hello
The Boys' Night Out,0,Hello
Can't We Be Friends?,0,Hello
Isn't This A Lovely Day?,0,Hello
Moonlight In Vermont,0,Hello
They Can't Take That Away From Me,0,Hello
Under A Blanket Of Blue,0,Hello
Tenderly,0,Hello
A Foggy Day,0,Hello
Stars Fell On Alabama,0,Hello
Cheek To Cheek,0,Hello
The Nearness Of You,0,Hello
April In Paris,0,Hello
Don't Be That Way,0,Hello
Makin' Whoopee,0,Hello
They All Laughed,0,Hello
Comes Love,0,Hello
Autumn In New York,0,Hello
Let's Do It (Let's Fall In Love),0,Hello
Stompin' At The Savoy,0,Hello
I Won't Dance,0,Hello
"Gee, Baby, Ain't I Good To You?",0,Hello
Let's Call The Whole Thing Off,0,Hello
These Foolish Things,0,Hello
I've Got My Love To Keep Me Warm,0,Hello
Willow Weep For Me,0,Hello
I'm Putting All My Eggs In One Basket,0,Hello
A Fine Romance,0,Hello
Ill Wind (You're Blowin' Me No Good),0,Hello
Love Is Here To Stay,0,Hello
I Get A Kick Out Of You,0,Hello
Learnin' The Blues,0,Hello
You Won't Be Satisfied (Until You Break My Heart),0,Hello
Undecided,0,Hello
Summertime,0,Hello
I Wants To Stay Here,0,Hello
My Man's Gone Now,0,Hello
I Got Plenty O' Nuttin',0,Hello
The Buzzard Song,0,Hello
"Bess, You Is My Woman Now",0,Hello
It Ain't Necessarily So,0,Hello
What You Want Wid Bess?,0,Hello
A Woman Is A Sometime Thing,0,Hello
"Oh, Doctor Jesus",0,Hello
There's A Boat Dat's Leavin' Soon For New York,0,Hello
"Bess, Oh Where's My Bess?",0,Hello
"Oh Lawd, I'm On My Way=",0,Hello
All Through The Night,0,Hello
Anything Goes,0,Hello
Miss Otis Regrets (She's Unable To Have Lunch Today),0,Hello
Too Darn Hot,0,Hello
In The Still Of The Night,0,Hello
I Get A Kick Out Of You,0,Hello
Do I Love You?,0,Hello
(I'm) Always True To You In My Fashion,0,Hello
Let's Do It (Let's Fall In Love),0,Hello
Just One Of Those Things,0,Hello
Ev'ry Time We Say Goodbye,0,Hello
All Of You,0,Hello
Begin The Beguine,0,Hello
Get Out Of Town,0,Hello
I Am In Love,0,Hello
From This Moment On,0,Hello
I Love Paris,0,Hello
You Do Something To Me,0,Hello
Ridin' High,0,Hello
Easy To Love,0,Hello
It's All Right With Me,0,Hello
Why Can't You Behave?,0,Hello
What Is This Thing Called Love?,0,Hello
You're The Top,0,Hello
Love For Sale,0,Hello
It's De-Lovely,0,Hello
Night And Day,0,Hello
Ace In The Hole,0,Hello
So In Love,0,Hello
I've Got You Under My Skin,0,Hello
I Concentrate On You,0,Hello
Don't Fence Me In,0,Hello
You're The Top,0,Hello
I Concentrate On You,0,Hello
Let's Do It (Let's Fall In Love),0,Hello
Have You Met Miss Jones?,0,Hello
You Took Advantage Of Me,0,Hello
A Ship Without A Sail,0,Hello
To Keep My Love Alive,0,Hello
Dancing On The Ceiling,0,Hello
The Lady Is A Tramp,0,Hello
With A Song In My Heart,0,Hello
Manhattan,0,Hello
Johnny One Note,0,Hello
I Wish I Were In Love Again,0,Hello
Spring Is Here,0,Hello
It Never Entered My Mind,0,Hello
This Can't Be Love,0,Hello
Thou Swell,0,Hello
My Romance,0,Hello
Where Or When,0,Hello
Little Girl Blue,0,Hello
Give It Back To The Indians,0,Hello
Ten Cents A Dance,0,Hello
There's A Small Hotel,0,Hello
I Didn't Know What Time It Was,0,Hello
Ev'rything I've Got,0,Hello
I Could Write A Book,0,Hello
Blue Room,0,Hello
My Funny Valentine,0,Hello
Bewitched,0,Hello
Mountain Greenery,0,Hello
Wait Till You See Her,0,Hello
Lover,0,Hello
Isn't It Romantic?,0,Hello
Here In My Arms,0,Hello
Blue Moon,0,Hello
My Heart Stood Still,0,Hello
I've Got Five Dollars,0,Hello
Lover,0,Hello
Drop Me Off In Harlem,0,Hello
Day Dream,0,Hello
Caravan,0,Hello
Take The 'A' Train,0,Hello
I Ain't Got Nothin' But The Blues,0,Hello
I Didn't Know About You,0,Hello
I'm Beginning To See The Light,0,Hello
Lost In Meditation,0,Hello
Perdido,0,Hello
Cotton Tail,0,Hello
Do Nothin' Till You Hear From Me,0,Hello
Just A-Sittin' And A-Rockin',0,Hello
Solitude,0,Hello
Rocks In My Bed,0,Hello
Satin Doll,0,Hello
Sophisticated Lady,0,Hello
Just Squeeze Me (But Don't Tease Me),0,Hello
It Don't Mean A Thing (If It Ain't Got That Swing),0,Hello
Azure,0,Hello
I Let A Song Go Out Of My Heart,0,Hello
In A Sentimental Mood,0,Hello
Don't Get Around Much Anymore,0,Hello
Prelude To A Kiss,0,Hello
Mood Indigo,0,Hello
In A Mellow Tone,0,Hello
Love You Madly,0,Hello
Lush Life,0,Hello
Squatty Roo,0,Hello
I'm Just A Lucky So And So,0,Hello
All Too Soon,0,Hello
Everything But You,0,Hello
I Got It Bad (And That Ain't Good),0,Hello
Bli-Blip,0,Hello
Let's Face The Music And Dance,0,Hello
You're Laughing At Me,0,Hello
Let Yourself Go,0,Hello
You Can Have Him,0,Hello
Russian Lullaby,0,Hello
Puttin' On The Ritz,0,Hello
Get Thee Behind Me Satan,0,Hello
Alexander's Ragtime Band,0,Hello
"Top Hat, White Tie, And Tails",0,Hello
How About Me?,0,Hello
Cheek To Cheek,0,Hello
I Used To Be Color Blind,0,Hello
Lazy,0,Hello
How Deep Is The Ocean?,0,Hello
All By Myself,0,Hello
Remember,0,Hello
Suppertime,0,Hello
How's Chances,0,Hello
Heat Wave,0,Hello
Isn't This A Lovely Day?,0,Hello
You Keep Coming Back Like A Song,0,Hello
Reaching For The Moon,0,Hello
Slumming On Park Avenue,0,Hello
The Song Is Ended (But The Melody Lingers On),0,Hello
I'm Putting All My Eggs In One Basket,0,Hello
Now It Can Be Told,0,Hello
Always,0,Hello
It's A Lovely Day Today,0,Hello
Change Partners,0,Hello
No Strings (I'm Fancy Free),0,Hello
I've Got My Love To Keep Me Warm,0,Hello
Blue Skies,0,Hello
Sam And Delilah,0,Hello
But Not For Me,0,Hello
My One And Only,0,Hello
Let's Call The Whole Thing Off,0,Hello
(I've Got) Beginner's Luck,0,Hello
"Oh, Lady Be Good",0,Hello
Nice Work If You Can Get It,0,Hello
Things Are Looking Up,0,Hello
Just Another Rhumba,0,Hello
How Long Has This Been Going On?,0,Hello
S Wonderful,0,Hello
The Man I Love,0,Hello
That Certain Feeling,0,Hello
By Strauss,0,Hello
Someone To Watch Over Me,0,Hello
The Real American Folk Song,0,Hello
Who Cares?,0,Hello
Looking For A Boy,0,Hello
They All Laughed,0,Hello
My Cousin In Milwaukee,0,Hello
Somebody From Somewhere,0,Hello
A Foggy Day,0,Hello
Clap Yo' Hands,0,Hello
"For You, For Me, For Evermore",0,Hello
Stiff Upper Lip,0,Hello
Boy Wanted,0,Hello
Strike Up The Band,0,Hello
Soon,0,Hello
I've Got A Crush On You,0,Hello
Bidin' My Time,0,Hello
Aren't You Kind Of Glad We Did?,0,Hello
Of Thee I Sing (Baby),0,Hello
The Half Of It Dearie Blues,0,Hello
I Was Doing All Right,0,Hello
He Loves And She Loves,0,Hello
Love Is Sweeping The Country,0,Hello
Treat Me Rough,0,Hello
Our Love Is Here To Stay,0,Hello
Slap That Bass,0,Hello
Isn't It A Pity,0,Hello
Shall We Dance?,0,Hello
Love Walked In,0,Hello
You've Got What Gets Me,0,Hello
They Can't Take That Away From Me,0,Hello
Embraceable You,0,Hello
I Can't Be Bothered Now,0,Hello
Boy! What Love Has Done To Me,0,Hello
Fascinating Rhythm,0,Hello
Funny Face,0,Hello
Lorelei,0,Hello
"Oh, So Nice",0,Hello
Let's Kiss And Make Up,0,Hello
I Got Rhythm,0,Hello
Somebody Loves Me,0,Hello
Cheerful Little Earful,0,Hello
But Not For Me,0,Hello
Blues In The Night,0,Hello
Let's Fall In Love,0,Hello
Stormy Weather (Keeps Rainin' All The Time),0,Hello
Between The Devil And The Deep Blue Sea,0,Hello
My Shining Hour,0,Hello
Hooray For Love,0,Hello
This Time The Dream's On Me,0,Hello
That Old Black Magic,0,Hello
I've Got The World On A String,0,Hello
Let's Take A Walk Around The Block,0,Hello
Ill Wind (You're Blowin' Me No Good),0,Hello
Ac-Cent-Tchu-Ate The Positive,0,Hello
When The Sun Comes Out,0,Hello
Come Rain Or Come Shine,0,Hello
As Long As I Live,0,Hello
Happiness Is A Thing Called Joe,0,Hello
It's Only A Paper Moon,0,Hello
The Man That Got Away,0,Hello
One For My Baby (And One More For The Road),0,Hello
It Was Written In The Stars,0,Hello
Get Happy,0,Hello
I Gotta Right To Sing The Blues,0,Hello
Out Of This World,0,Hello
Over The Rainbow,0,Hello
Ding-Dong! The Witch Is Dead,0,Hello
Sing My Heart,0,Hello
Let's Take A Walk Around The Block,0,Hello
Sing My Heart,0,Hello
Let's Begin,0,Hello
A Fine Romance,0,Hello
All The Things You Are,0,Hello
I'll Be Hard To Handle,0,Hello
You Couldn't Be Cuter,0,Hello
She Didn't Say Yes,0,Hello
I'm Old Fashioned,0,Hello
Remind Me,0,Hello
The Way You Look Tonight,0,Hello
Yesterdays,0,Hello
Can't Help Lovin' Dat Man,0,Hello
Why Was I Born?,0,Hello
Too Marvelous For Words,0,Hello
Early Autumn,0,Hello
Ooooh...,0,Hello
"Lord, dear Lord above, God almighty,",0,Hello
"God of love, Please look down and see my people through.",0,Hello
I believe that God put sun and moon up in the sky.,0,Hello
I don't mind the gray skies,0,Hello
'cause they're just clouds passing by.,0,Hello
Heaven is a goodness time. A brighter light on high.,0,Hello
Do unto others as you would have them do to you.,0,Hello
And have a brighter by and by.,0,Hello
"Lord, dear Lord above, God almighty,",0,Hello
"God of love, Please look down and see my people through.",0,Hello
"I believe God is now, was then and always will be.",0,Hello
With God's blessing we can make it through eternity.,0,Hello
"Lord, dear Lord above, God almighty,",0,Hello
"God of love, Please look down and see my people through.",0,Hello
They say into your early life romance came,0,Hello
And in this heart of yours burned a flame,0,Hello
A flame that flickered one day and died away,0,Hello
"Then, with disillusion deep in your eyes",0,Hello
You learned that fools in love soon grow wise,0,Hello
"The years have changed you, somehow",0,Hello
I see you now,0,Hello
"Smoking, drinking, never thinking of tomorrow, nonchalant",0,Hello
"Diamonds shining, dancing, dining with some man in a restaurant",0,Hello
Is that all you really want?,0,Hello
"No, sophisticated lady,",0,Hello
"I know, you miss the love you lost long ago",0,Hello
And when nobody is nigh you cry,0,Hello
"Smoking, drinking, never thinking of tomorrow, nonchalant",0,Hello
"Diamonds shining, dancing, dining with some man in a restaurant",0,Hello
Is that all you really want?,0,Hello
"No, sophisticated lady,",0,Hello
"I know, you miss the love you lost long ago",0,Hello
And when nobody is nigh you cry,0,Hello
Sophisticated lady,0,Hello
You cry,0,Hello
"Hurry, hurry, hurry",0,Hello
Take the A train,0,Hello
To get to Sugar Hill way up in Harlem,0,Hello
If you should take the A train,0,Hello
You'll get to where you're going in a hurry,0,Hello
"Hurry, hurry, hurry",0,Hello
Now it's goin',0,Hello
Can you hear the rails a hummin' (boo de ahh dah),0,Hello
If you should miss the A train,0,Hello
You'll miss the quickest way to get to Harlem,0,Hello
Do Nothing Till You Hear From Me,0,Hello
Cheek To Cheek,0,Hello
Ill Wind,0,Hello
Speak Low,0,Hello
We'll Be Together Again,0,Hello
All Or Nothing At All,0,Hello
Sophisticated Lady,0,Hello
April In Paris,0,Hello
I Wished On The Moon,0,Hello
But Not For Me,0,Hello
Say It Isn't So,0,Hello
Our Love Is Here To Stay,0,Hello
I'm A Fool To Want You,0,Hello
For Heaven's Sake,0,Hello
You Don't Know What Love Is,0,Hello
I Get Along Without You Very Well,0,Hello
For All We Know,0,Hello
Violets For Your Furs,0,Hello
You've Changed,0,Hello
It's Easy To Remember,0,Hello
But Beautiful,0,Hello
Glad To Be Unhappy,0,Hello
I'll Be Around,0,Hello
The End Of A Love Affair,0,Hello
All Of You,0,Hello
Sometimes I'm Happy,0,Hello
You Took Advantage Of Me,0,Hello
When It's Sleepy Time Down South,0,Hello
There'll Be Some Changes Made,0,Hello
Deed I Do,0,Hello
Don't Worry 'Bout Me,0,Hello
All The Way,0,Hello
Just One More Chance,0,Hello
It's Not For Me To Say,0,Hello
I'll Never Smile Again,0,Hello
Baby Won't You Please Come Home,0,Hello
Your Mother's Son-In-Law,0,Hello
Riffin' The Scotch,0,Hello
I Wished On The Moon,0,Hello
What A Little Moonlight Can Do,0,Hello
Miss Brown To You,0,Hello
A Sunbonnet Blue (And A Yellow Straw Hat),0,Hello
"What A Night, What A Moon, What A Girl",0,Hello
I'm Painting The Town Red,0,Hello
It's Too Hot For Words,0,Hello
Twenty-Four Hours A Day,0,Hello
Yankee Doodle Never Went To Town,0,Hello
Eeny Meeny Meiny Mo,0,Hello
If You Were Mine,0,Hello
These 'n' That 'n' Those,0,Hello
You Let Me Down,0,Hello
Spreadin' Rhythm Around,0,Hello
Life Begins When You're In Love,0,Hello
It's Like Reaching For The Moon,0,Hello
These Foolish Things,0,Hello
I Cried For You,0,Hello
Guess Who,0,Hello
Did I Remember?,0,Hello
No Regrets,0,Hello
Summertime,0,Hello
Billie's Blues,0,Hello
A Fine Romance,0,Hello
I Can't Pretend,0,Hello
"One, Two, Button Your Shoe",0,Hello
Let's Call A Heart A Heart,0,Hello
Easy To Love,0,Hello
With Thee I Swing,0,Hello
The Way You Look Tonight,0,Hello
Born To Love,0,Hello
Without Your Love,0,Hello
Getting Some Fun Out Of Life,0,Hello
Who Wants Love?,0,Hello
Trav'lin' All Alone,0,Hello
He's Funny That Way,0,Hello
Nice Work If You Can Get It,0,Hello
Things Are Looking Up,0,Hello
My Man,0,Hello
Can't Help Lovin' Dat Man,0,Hello
My First Impression Of You,0,Hello
When You're Smiling (The Whole World Smiles With You),0,Hello
Can't Believe That You're In Love With Me,0,Hello
If Dreams Come True,0,Hello
Now They Call It Swing,0,Hello
On The Sentimental Side,0,Hello
Back In Your Own Backyard,0,Hello
When A Woman Loves A Man,0,Hello
You're So Desirable,0,Hello
You're Gonna See A Lot Of Me,0,Hello
"Hello, My Darling",0,Hello
Let's Dream In The Moonlight,0,Hello
That's All I Ask Of You,0,Hello
Dream Of Life,0,Hello
What Shall I Say?,0,Hello
It's Easy To Blame The Weather,0,Hello
More Than You Know,0,Hello
Sugar (That Sugar Baby O' Mine),0,Hello
You're Too Lovely To Last,0,Hello
Under A Blue Jungle Moon,0,Hello
Everything Happens For The Best,0,Hello
Why Did I Always Depend On You?,0,Hello
Long Gone Blues,0,Hello
Some Other Spring,0,Hello
Our Love Is Different,0,Hello
other songs:,0,Hello
Ain't Nobody's Business If I Do,0,Hello
All Of Me,0,Hello
Am I Blue?,0,Hello
Big Stuff,0,Hello
Carelessly,0,Hello
Crazy He Calls Me,0,Hello
Deep Song,0,Hello
Don't Explain,0,Hello
Don't Know If I'm Comin' Or Goin',0,Hello
Easy Living,0,Hello
Fine And Mellow,0,Hello
Gloomy Sunday,0,Hello
Guilty,0,Hello
I Can't Believe That You're In Love With Me,0,Hello
I Can't Give You Anything But Love,0,Hello
I'll Be Seeing You,0,Hello
I'll Look Around,0,Hello
I'm Gonna Lock My Heart And Throw Away The Key,0,Hello
I've Got My Love To Keep Me Warm,0,Hello
"Lover Man (Oh, Where Can You Be?)",0,Hello
No More,0,Hello
P.S. I Love You,0,Hello
Pennies From Heaven,0,Hello
Sentimental And Melancholy,0,Hello
"That's Life, I Guess",0,Hello
The Man I Love,0,Hello
The Mood That I'm In,0,Hello
Them There Eyes,0,Hello
There Is No Greater Love,0,Hello
What Is This Thing Called Love?,0,Hello
When You're Smiling,0,Hello
Where Is The Sun?,0,Hello
Who Loves You?,0,Hello
Why Was I Born?,0,Hello
You Better Go Now,0,Hello
You're My Thrill,0,Hello
My Blue Heaven,0,Hello
The Fat Man,0,Hello
Please Don't Leave Me,0,Hello
Ain't It A Shame,0,Hello
I'm In Love Again,0,Hello
When My Dreamboat Comes Home,0,Hello
Blueberry Hill,0,Hello
Blue Monday,0,Hello
I'm Walkin',0,Hello
Valley Of Tears,0,Hello
The Big Beat,0,Hello
"Yes, My Darling",0,Hello
Whole Lotta Loving,0,Hello
I'm Ready,0,Hello
I'm Gonna Be A Wheel Someday,0,Hello
I Want To Walk You Home,0,Hello
Be My Guest,0,Hello
Walking To New Orleans,0,Hello
Let The Four Winds Blow,0,Hello
You made me cry,0,Hello
"when you said, ""goodbye""",0,Hello
Ain't that a shame?,0,Hello
my tears fell like rain.,0,Hello
Ain't that a shame?,0,Hello
you're the one to blame.,0,Hello
You broke my heart,0,Hello
when you said we'll part,0,Hello
Ain't that a shame?,0,Hello
my tears fell like rain.,0,Hello
Ain't that a shame?,0,Hello
you're the one to blame,0,Hello
"Oh well, goodbye",0,Hello
although I'll cry.,0,Hello
Ain't that a shame...,0,Hello
I found my thrill on Blueberry Hill,0,Hello
"On Blueberry Hill, when I found you",0,Hello
The moon stood still on Blueberry Hill,0,Hello
And lingered until my dreams came true,0,Hello
The wind in the willow played,0,Hello
Love's sweet melody,0,Hello
But all of those vows you made,0,Hello
Were never to be,0,Hello
"Though we're apart, you're part of me still",0,Hello
For you were my thrill on Blueberry Hill,0,Hello
The wind in the willow played,0,Hello
Love's sweet melody,0,Hello
But all of those vows we made,0,Hello
Were never to be,0,Hello
"Though we're apart, you're part of me still",0,Hello
For you were my thrill on Blueberry Hill,0,Hello
"Oh, say, can you see,",0,Hello
"By the dawn's early light,",0,Hello
What so proudly we hailed,0,Hello
At the twilight's last gleaming?,0,Hello
"Whose broad stripes and bright stars,",0,Hello
"Through the perilous fight,",0,Hello
"O'er the ramparts we watched,",0,Hello
Were so gallantly streaming?,0,Hello
"And the rockets' red glare,",0,Hello
"The bombs bursting in air,",0,Hello
Gave proof through the night,0,Hello
That our flag was still there.,0,Hello
"O say, does that star-spangled banner yet wave",0,Hello
O'er the land of the free and the home of the brave,0,Hello
'Bout Time,0,Hello
(I'll Be Glad When You're Dead) You Rascal You,0,Hello
(Oh) Didn't He Ramble,0,Hello
A Kiss To Build A Dream On,0,Hello
Ain't Misbehavin',0,Hello
Alexander's Ragtime Band,0,Hello
All Of Me,0,Hello
As Time Goes By (A Kiss Is Just A Kiss),0,Hello
Azalea,0,Hello
"Baby, It's Cold Outside",0,Hello
Back O' Town Blues,0,Hello
Basin Street Blues,0,Hello
Bessie Couldn't Help It,0,Hello
Bibbidi-Bobbidi-Boo,0,Hello
Bill Bailey,0,Hello
Black & Blue,0,Hello
Blue Again,0,Hello
Blue Skies,0,Hello
Blueberry Hill,0,Hello
Butter & Egg Man,0,Hello
C'est Si Bon,0,Hello
Cabaret,0,Hello
Cake Walking Babies From Home,0,Hello
Carry Me Back To Old Virginny,0,Hello
Cheek To Cheek,0,Hello
Chim Chim Cher-Ee,0,Hello
"Chinatown, My Chinatown",0,Hello
Christmas In New Orleans,0,Hello
Cool Yule,0,Hello
Dallas Blues,0,Hello
Didn't It Rain,0,Hello
Dippermouth Blues,0,Hello
Do Nothin' Till You Hear From Me,0,Hello
Do You Know What It Means To Miss New Orleans,0,Hello
Don't Get Around Much Anymore,0,Hello
Down By The Riverside,0,Hello
Dream A Little Dream Of Me,0,Hello
Duke's Place,0,Hello
Dummy Song,0,Hello
Everybody's Talkin' (Echoes),0,Hello
Ezekiel Saw The Wheel,0,Hello
"Fantastic, That's You",0,Hello
Georgia On My Mind,0,Hello
Give Me Your Kisses,0,Hello
Go Down Moses,0,Hello
Gone Fishin',0,Hello
Got A Bran' New Suit,0,Hello
Hello Brother,0,Hello
Hello Dolly,0,Hello
Hellzapoppin',0,Hello
Hesitating Blues,0,Hello
High Society Calypso,0,Hello
High Society Rag,0,Hello
Honeysuckle Rose,0,Hello
I Can't Give You Anything But Love,0,Hello
I Got It Bad (And That Ain't Good),0,Hello
I Guess I'll Get The Papers & Go Home,0,Hello
I Still Get Jealous,0,Hello
I'll See You In My Dreams,0,Hello
I'm Just A Lucky So And So,0,Hello
If I Could Be With You (One Hour Tonight),0,Hello
In A Mellow Tone,0,Hello
In The Shade Of The Old Apple Tree,0,Hello
Indiana,0,Hello
It Don't Mean A Thing (If It Ain't Got That Swing),0,Hello
"It's Been A Long, Long Time",0,Hello
Jeepers Creepers,0,Hello
Jonah And The Whale,0,Hello
Keepin' Out Of Mischief Now,0,Hello
La Vie En Rose,0,Hello
Last Night I Dreamed You Kissed Me,0,Hello
Lazy River,0,Hello
Lazybones,0,Hello
Lonesome Blues,0,Hello
Long Gone (From The Bowlin' Green),0,Hello
Lyin' To Myself,0,Hello
Mack The Knife,0,Hello
Mame,0,Hello
"Mandy, Make Up Your Mind",0,Hello
Mississippi Basin,0,Hello
Mood Indigo,0,Hello
Moon River,0,Hello
No More Christmas,0,Hello
Nobody Knows The Trouble I've Seen,0,Hello
Nobody Knows The Way I Feel This Morning,0,Hello
Old Man Mose,0,Hello
On My Way,0,Hello
On The Sunny Side Of The Street,0,Hello
Only You (And You Alone),0,Hello
Rock My Soul,0,Hello
Saint Louis Blues,0,Hello
Shadrack,0,Hello
"Sit Down, You're Rocking The Boat",0,Hello
Solitude,0,Hello
Sometimes I Feel Like A Motherless Child,0,Hello
St James Infirmary,0,Hello
Stardust,0,Hello
Summertime,0,Hello
Sunset Cafe Stomp,0,Hello
Sweet Georgia Brown,0,Hello
Sweet Lorraine,0,Hello
"Swing Low, Sweet Chariot",0,Hello
That Lucky Old Sun,0,Hello
That Old Feeling,0,Hello
That's My Desire,0,Hello
The Ballad Of Davy Crocket,0,Hello
The Bare Necessities,0,Hello
The Memphis Blues (Or Mister Crump),0,Hello
There Must Be A Way,0,Hello
This Train,0,Hello
Tin Roof Blues,0,Hello
Uncle Satchmo's Lullaby,0,Hello
Way Down Yonder In New Orleans,0,Hello
We Have All The Time In The World,0,Hello
