I, ,d,o,n,',t, ,k,n,o,w, ,i,f, ,I, ,c,a,n, ,p,o,s,t, ,t,h,i,s, ,b,u,t,",", ,I,',v,e, ,k,n,o,w,n, ,s,i,x, ,p,e,o,p,l,e, ,w,h,o, ,h,a,v,e, ,o,v,e,r, ,d,o,s,e,d, ,i,n, ,t,h,e, ,l,a,s,t, ,f,e,w, ,d,a,y,s, ,o,n, ,t,h,e,s,e, ,u,n,m,a,r,k,e,d, ,b,l,u,e, ,b,a,g,s,., ,W,h,e,n, ,y,o,u, ,m,i,x, ,i,t, ,u,p, ,i,t, ,t,u,r,n,s, ,r,e,a,l,l,y, ,m,i,l,k,y, ,w,h,i,t,e,., ,E,v,e,r,y,o,n,e, ,I, ,k,n,o,w, ,h,a,s, ,g,o,n,e, ,o,u,t, ,o,n, ,o,n,e, ,o,r, ,t,w,o,., ,I,f, ,a,n,y,o,n,e, ,e,l,s,e, ,i,s, ,a,r,o,u,n,d, ,h,e,r,e, ,b,e, ,v,e,r,y, ,v,e,r,y, ,c,a,r,e,f,u,l, ,i,f, ,y,o,u, ,g,e,t, ,t,h,e,s,e, ,t,h,e,y, ,a,r,e, ,i,n,s,a,n,i,t,y, ,s,t,r,o,n,g,.
1
I,f, ,y,o,u,',r,e, ,b,u,y,i,n,g, ,p,e,r,c, ,3,0,',s, ,t,h,e,r,e, ,i,s, ,a, ,g,o,o,d, ,c,h,a,n,c,e, ,t,h,e,y, ,a,r,e, ,f,a,k,e, ,a,n,d, ,r,e,a,l,l,y, ,j,u,s,t, ,f,e,n,t,a,n,y,l,.,., ,3, ,p,e,o,p,l,e, ,d,e,a,d, ,t,h,i,s, ,w,e,e,k, ,f,r,o,m, ,t,h,a,t, ,s,h,i,t,.
1

1
I, ,j,u,s,t, ,p,u,t, ,i,t, ,o,n, ,t,h,i,s, ,a,f,t,e,r,n,o,o,n, ,a,n,d, ,h,a,v,e, ,a,l,r,e,a,d,y, ,a,r,r,a,n,g,e,d, ,t,o, ,g,e,t, ,a,n,o,t,h,e,r, ,o,n,e, ,a,n,d, ,s,i,t, ,o,n, ,i,t, ,f,o,r, ,a, ,w,h,i,l,e, ,a,s, ,t,h,i,s, ,o,n,e, ,h,a,s, ,m,e, ,p,r,e,t,t,y, ,l,i,t, ,u,p,., ,I, ,w,a,n,n,a, ,k,n,o,w, ,w,h,a,t,",", ,i,f, ,a,n,y,t,h,i,n,g,",", ,c,a,n, ,I, ,d,o, ,w,i,t,h, ,t,h,i,s, ,g,e,l, ,i,n, ,t,h,e, ,p,a,t,c,h, ,o,n,c,e, ,I, ,t,a,k,e, ,i,t, ,o,f,f, ,c,o,m,e, ,M,o,n,d,a,y, ,o,r, ,s,o,., ,A,n,y, ,s,u,g,g,e,s,t,i,o,n,s, ,a,r,e, ,m,u,c,h, ,a,p,p,r,e,c,i,a,t,e,d,., ,T,h,a,n,k,s, ,i,n, ,a,d,v,a,n,c,e,., ,S,t,a,y, ,N,o,d,d,i,n, ,Y,a,l,l
1
R,e,c,e,n,t,l,y, ,I,',v,e, ,b,e,e,n, ,g,e,t,t,i,n,g, ,r,e,a,l,l,y, ,b,a,d, ,h,i,c,c,u,p,s, ,w,h,e,n, ,I,',m, ,o,n, ,o,p,i,o,d,s, ,t,h,a,t, ,h,a,v,e, ,l,i,k,e, ,5,-,1,0, ,s,e,c,o,n,d, ,i,n,t,e,r,v,a,l,s, ,b,e,t,w,e,e,n, ,e,a,c,h, ,h,i,c,c,u,p, ,a,n,d, ,c,a,n, ,l,a,s,t, ,f,o,r, ,3,0, ,m,i,n,u,t,e,s,., ,D,o,e,s, ,t,h,i,s, ,h,a,p,p,e,n, ,t,o, ,a,n,y,o,n,e, ,e,l,s,e,?, ,I,t,',s, ,i,n,s,u,f,f,e,r,a,b,l,e,.
1
W,a,k,i,n,g, ,u,p, ,i,n, ,a, ,c,o,l,d, ,s,w,e,a,t,",", ,h,e,a,r,t, ,r,a,c,i,n,g, ,a,n,d, ,g,a,s,p,i,n,g, ,f,o,r, ,b,r,e,a,t,h,., , ,E,v,e,r,y,t,h,i,n,g, ,i,s, ,o,k,;, ,I,',m, ,s,a,f,e,",", ,j,u,s,t, ,a, ,n,i,g,h,t, ,t,e,r,r,o,r,., , , ,T,h,e, ,T,e,l,e,v,i,s,i,o,n, ,p,l,a,y,s, ,a, ,c,o,m,m,e,r,c,i,a,l, ,f,o,r, ,s,o,m,e, ,r,e,h,a,b, ,a,n,d, ,a, ,p,r,e,t,e,n,t,i,o,u,s,",", ,s,o,u,l,-,l,e,s,s,",", ,t,w,e,r,p, ,l,o,o,k,s, ,m,e, ,i,n, ,t,h,e, ,e,y,e,s, ,t,e,l,l,i,n,g, ,m,e, ,h,e, ,h,a,s, ,t,h,e, ,c,u,r,e,., , ,M,y, ,m,i,n,d, ,q,u,i,c,k,l,y, ,f,o,r,g,e,t,s, ,t,h,e, ,n,i,g,h,t,m,a,r,e, ,a,n,d, ,s,h,a,k,e,s, ,o,f,f, ,t,h,e, ,v,i,s,i,o,n, ,o,f, ,t,h,a,t, ,c,r,e,e,p, ,s,e,l,l,i,n,g, ,h,i,s, ,s,e,r,v,i,c,e,., ,"
","
",I,t,',s, ,4, ,a,.,m,., ,a,n,d, ,s,t,i,l,l, ,d,a,r,k, ,o,u,t,s,i,d,e,., ,I, ,c,h,e,c,k, ,m,y, ,p,h,o,n,e,;, ,s,t,i,l,l, ,n,o, ,r,e,s,p,o,n,s,e,",", , ,w,o,r,r,y, ,a,n,d, ,h,e,l,p,l,e,s,s,n,e,s,s, ,f,i,l,l, ,m,y, ,c,h,e,s,t,., , ,S,h,e, ,s,h,o,u,l,d, ,b,e, ,o,u,t, ,b,y, ,n,o,w, ,a,n,d, ,p,r,o,b,a,b,l,y, ,s,i,c,k,., , ,W,h,a,t, ,c,o,u,l,d, ,w,e, ,h,a,v,e, ,d,o,n,e, ,d,i,f,f,e,r,e,n,t,l,y,?, , ,W,h,y, ,d,i,d, ,*,s,h,e,*, ,g,e,t, ,a,r,r,e,s,t,e,d, ,a,n,d, ,n,o,t, ,I,?, ,S,h,o,u,l,d, ,w,e, ,h,a,v,e, ,n,o,t, ,g,o,n,e, ,d,o,w,n, ,t,h,a,t, ,s,t,r,e,e,t,?, , ,A,s,k,i,n,g, ,m,y,s,e,l,f, ,q,u,e,s,t,i,o,n,s, ,t,h,a,t, ,a,r,e, ,t,o,o, ,l,a,t,e, ,a,n,d, ,p,o,i,n,t,l,e,s,s, ,b,y, ,n,o,w,",", ,I, ,n,e,e,d, ,t,o, ,g,e,t, ,o,u,t, ,o,f, ,t,h,i,s, ,s,e,l,f, ,p,i,t,y, ,a,n,d, ,g,e,t, ,a, ,m,o,v,e, ,o,n, ,b,e,f,o,r,e, ,I,',m, ,t,o,o, ,s,i,c,k, ,t,o, ,d,o, ,a,n,y,t,h,i,n,g, ,a,b,o,u,t, ,i,t,.,"
","
",I, ,p,i,c,t,u,r,e, ,h,e,r, ,s,i,t,t,i,n,g, ,i,n, ,j,a,i,l,",", ,m,i,s,e,r,a,b,l,e,;, ,a,l,l, ,b,e,c,a,u,s,e, ,I, ,w,a,n,t,e,d, ,t,o, ,g,e,t, ,m,y, ,d,i,c,k, ,w,e,t,., , ,S,h,e, ,e,v,e,n, ,t,o,l,d, ,m,e, ,w,e, ,s,h,o,u,l,d,n,',t, ,h,a,v,e, ,g,o,n,e, ,t,h,a,t, ,w,a,y,., ,C,o,m,e, ,o,n,",", ,a,n,d, ,g,e,t, ,o,u,t, ,o,f, ,t,h,i,s, ,f,u,n,k,., , ,S,h,e,',l,l, ,e,v,e,n,t,u,a,l,l,y, ,g,e,t, ,o,u,t, ,o,f, ,j,a,i,l, ,a,n,d, ,y,o,u,',l,l, ,b,e, ,w,a,i,t,i,n,g, ,f,o,r, ,h,e,r, ,a,t, ,t,h,e, ,E,l, ,w,i,t,h, ,s,o,m,e, ,d,o,p,e, ,a,n,d, ,g,e,a,r,., , ,I,t,',s, ,t,h,e, ,l,e,a,s,t, ,y,o,u, ,c,a,n, ,d,o, ,f,o,r, ,h,e,r,.,"
","
",A, ,j,u,n,k,i,e, ,n,e,e,d,s, ,t,o, ,b,r,e,a,k, ,t,h,e, ,l,a,w, ,e,v,e,r,y,d,a,y, ,i,f, ,h,e, ,w,a,n,t,s, ,t,o, ,s,t,a,v,e, ,o,f,f, ,w,i,t,h,d,r,a,w,a,l, ,a,n,d, ,f,u,n,c,t,i,o,n, ,l,i,k,e, ,a, ,"""",n,o,r,m,a,l,"""", ,p,e,r,s,o,n,., , ,T,h,e,y, ,a,r,e,n,',t, ,d,o,i,n,g, ,a,n,y,t,h,i,n,g, ,i,l,l,e,g,a,l, ,u,n,t,i,l, ,t,h,a,t, ,d,r,u,g, ,d,e,a,l,e,r, ,h,a,n,d,s, ,t,h,e,m, ,t,h,e, ,d,r,u,g,s,., ,E,v,e,n, ,t,h,e,n, ,a, ,c,o,p, ,w,o,n,',t, ,k,n,o,w, ,w,h,a,t, ,y,o,u, ,h,a,v,e, ,i,s, ,i,l,l,e,g,a,l, ,o,n, ,y,o,u, ,u,n,l,e,s,s, ,t,h,e,y, ,s,e,e,n, ,a,n, ,e,x,c,h,a,n,g,e,., , , ,"
","
",I, ,a,l,w,a,y,s, ,t,o,l,d, ,a,n,y,o,n,e, ,r,u,n,n,i,n,g, ,w,i,t,h, ,m,e, ,s,o,m,e, ,v,e,r,s,i,o,n, ,o,f, ,t,h,a,t, ,s,o, ,t,h,e,y, ,w,e,r,e,n,',t, ,b,u,g,g,i,n,g, ,o,u,t, ,w,h,i,l,e, ,c,o,p,p,i,n,g,., , ,I,f, ,t,h,e,y, ,c,o,n,t,i,n,u,e,d, ,t,o, ,l,o,o,k, ,o,v,e,r, ,t,h,e,i,r, ,s,h,o,u,l,d,e,r, ,a,n,d, ,f,e,l,t, ,l,i,k,e, ,w,e, ,w,e,r,e, ,b,e,i,n,g, ,f,o,l,l,o,w,e,d, ,b,y, ,i,m,a,g,i,n,a,r,y, ,p,e,o,p,l,e,",", ,I, ,u,s,u,a,l,l,y, ,l,e,t, ,t,h,e,m, ,k,n,o,w, ,I,',d, ,t,a,k,e, ,t,h,e, ,f,a,l,l,., , ,A, ,f,e,w, ,r,e,d,d,i,t,o,r,s, ,c,a,n, ,t,e,s,t,i,f,y, ,t,o, ,t,h,a,t,.,"
","
",S,o, ,h,o,w, ,d,i,d, ,t,h,e, ,c,o,p,s, ,k,n,o,w, ,s,h,e, ,h,a,d, ,d,r,u,g,s, ,o,n, ,h,e,r,?, ,D,i,d, ,t,h,e,y, ,j,u,s,t, ,g,e,t, ,l,u,c,k,y,?, ,T,o, ,t,h,i,s, ,d,a,y, ,I, ,c,a,n, ,o,n,l,y, ,s,p,e,c,u,l,a,t,e,., ,W,e,',v,e, ,b,e,e,n, ,s,t,o,p,p,e,d, ,a,n,d, ,f,r,i,s,k,e,d, ,*,a,t, ,l,e,a,s,t,*, ,f,i,f,t,y, ,t,i,m,e,s, ,t,o,g,e,t,h,e,r,",", ,i,f, ,n,o,t, ,m,o,r,e,., , ,I,',m, ,n,o,t, ,g,o,i,n,g, ,o,n, ,t,h,e, ,t,i,m,e,s, ,s,h,e,',s, ,b,e,e,n, ,s,t,o,p,p,e,d, ,b,y, ,h,e,r,s,e,l,f, ,o,r, ,b,y, ,m,y,s,e,l,f, ,a,n,d, ,t,h,o,s,e, ,f,i,f,t,y, ,t,i,m,e,s, ,a,l,w,a,y,s, ,c,a,m,e, ,u,p, ,w,i,t,h,o,u,t, ,a,n, ,a,r,r,e,s,t,., , ,"
","
",L,o,o,k,i,n,g, ,a,t, ,m,y, ,a,r,r,e,s,t, ,r,e,c,o,r,d, ,-, ,I, ,o,n,l,y, ,h,a,v,e, ,t,w,o, ,h,e,r,o,i,n, ,p,o,s,s,e,s,s,i,o,n, ,c,h,a,r,g,e,s, ,a,n,d, ,o,n,e, ,w,a,s, ,d,r,o,p,p,e,d,",", ,m,e,a,n,i,n,g, ,f,r,o,m, ,2,0,1,0, ,t,h,e, ,y,e,a,r, ,I, ,g,o,t, ,m,y, ,f,i,r,s,t, ,c,h,a,r,g,e, ,t,i,l,l, ,2,0,1,5, ,t,h,e, ,y,e,a,r, ,I, ,d,e,c,i,d,e,d, ,t,o, ,g,e,t, ,c,l,e,a,n,;, ,I, ,b,r,o,k,e, ,t,h,e, ,l,a,w, ,b,a,s,i,c,a,l,l,y, ,e,v,e,r,y,d,a,y, ,t,h,o,s,e, ,f,i,v,e, ,y,e,a,r,s,., , ,I, ,d,i,d, ,g,e,t, ,o,t,h,e,r, ,i,n,f,r,a,c,t,i,o,n, ,a,n,d, ,c,h,a,r,g,e,s,",", ,b,u,t, ,I,',m, ,n,o,t, ,g,o,i,n,g, ,i,n,t,o, ,t,h,e,m, ,a,s, ,t,h,e,y, ,d,i,g,r,e,s,s, ,f,r,o,m, ,t,h,e, ,t,o,p,i,c,., , ,E,v,e,n,t,u,a,l,l,y, ,t,h,e, ,p,o,l,i,c,e, ,d,o, ,n,e,e,d, ,t,o, ,p,u,t, ,s,o,m,e,t,h,i,n,g, ,o,n, ,y,o,u, ,i,f, ,t,h,e,y, ,k,e,e,p, ,p,u,l,l,i,n,g, ,y,o,u, ,o,v,e,r, ,a,n,d, ,s,t,o,p,p,i,n,g, ,y,o,u,.,"
","
",J,u,s,t, ,l,i,k,e, ,a,n, ,a,l,c,o,h,o,l,i,c, ,g,e,t,t,i,n,g, ,c,a,u,g,h,t, ,w,i,t,h, ,t,h,r,e,e, ,D,.,U,.,I,',s, ,o,v,e,r, ,a, ,2,0, ,y,e,a,r, ,p,e,r,i,o,d,;, ,t,h,e,y, ,m,u,s,t, ,h,a,v,e, ,a,t, ,l,e,a,s,t, ,d,r,i,v,e,n, ,d,r,u,n,k,/,h,i,g,h, ,t,e,n, ,t,i,m,e,s, ,t,h,a,t, ,m,u,c,h,., , ,S,o,",", ,w,h,a,t, ,a,m, ,I, ,g,e,t,t,i,n,g, ,a,t,?, ,W,h,a,t,',s, ,t,h,e, ,p,o,i,n,t,?, ,T,h,e, ,p,o,i,n,t, ,i,s, ,i,f, ,y,o,u, ,s,t,i,l,l, ,g,e,t, ,n,e,r,v,o,u,s, ,a,n,d, ,a,n,x,i,o,u,s, ,g,e,t,t,i,n,g, ,d,r,u,g,s,",", ,d,o,n,',t,., , ,Y,o,u, ,l,o,o,k, ,s,u,s,p,i,c,i,o,u,s,., ,S,u,r,e, ,I, ,w,o,u,l,d, ,g,e,t, ,s,c,a,r,e,d, ,t,h,e, ,o,d,d, ,t,i,m,e,",", ,b,u,t, ,w,a,l,k,i,n,g, ,i,n,t,o, ,t,h,e, ,c,o,n,c,r,e,t,e, ,j,u,n,g,l,e, ,e,v,e,r,y,d,a,y, ,d,e,s,e,n,s,i,t,i,z,e,s, ,y,o,u,., , ,T,h,e, ,p,o,i,n,t, ,i,s, ,y,o,u,r, ,o,d,d,s, ,o,f, ,g,e,t,t,i,n,g, ,c,a,u,g,h,t, ,a,r,e, ,o,n,l,y, ,d,r,a,s,t,i,c,a,l,l,y, ,i,n,c,r,e,a,s,e,d, ,i,f, ,y,o,u, ,a,r,e, ,s,t,u,p,i,d, ,a,n,d, ,l,a,z,y, ,a,n,d, ,t,h,e, ,o,n,l,y, ,t,i,m,e,s, ,I, ,w,a,s, ,e,v,e,r, ,a,r,r,e,s,t,e,d, ,w,a,s, ,b,e,c,a,u,s,e, ,o,f, ,m,y, ,i,d,i,o,t,i,c, ,d,e,c,i,s,i,o,n,s,., , ,I,f, ,y,o,u, ,m,a,d,e, ,a,n, ,e,f,f,o,r,t, ,t,o, ,p,r,e,v,e,n,t, ,y,o,u,r,s,e,l,f, ,f,r,o,m, ,g,e,t,t,i,n,g, ,a,r,r,e,s,t,e,d,;, ,9,9,%, ,o,f, ,t,h,e, ,t,i,m,e, ,y,o,u,',d, ,b,e, ,o,k,., ,"
","
",D,o, ,I, ,w,a,n,t, ,t,o, ,g,o, ,o,u,t, ,a,n,d, ,m,u,r,d,e,r, ,p,o,l,i,c,e, ,b,e,c,a,u,s,e, ,o,f, ,b,e,i,n,g, ,h,a,r,a,s,s,e,d,?, ,N,o,., , ,I, ,w,o,u,l,d,n,',t, ,w,a,n,t, ,t,o, ,f,e,e,l, ,l,i,k,e, ,b,e,i,n,g, ,m,u,r,d,e,r,e,d, ,f,o,r, ,d,o,i,n,g, ,m,y, ,j,o,b,., , ,I, ,c,a,n, ,u,n,d,e,r,s,t,a,n,d, ,h,o,w, ,a, ,f,e,w, ,b,l,a,c,k, ,y,o,u,t,h,s, ,m,a,r,t,y,r, ,t,h,e,m,s,e,l,v,e,s, ,b,e,c,a,u,s,e, ,o,f, ,p,o,l,i,c,e, ,c,u,l,t,u,r,e, ,a,r,o,u,n,d, ,t,h,e, ,i,n,n,e,r, ,c,i,t,y,., , ,I,t, ,i,s, ,a, ,p,r,o,b,l,e,m, ,a,n,d, ,t,h,o,s,e, ,p,s,y,c,h,o,s, ,s,h,o,o,t,i,n,g, ,c,o,p,s, ,a,r,e, ,j,u,s,t, ,t,h,a,t,;, ,c,r,a,z,y,., , ,D,o, ,I, ,w,a,n,t, ,t,o, ,t,a,k,e, ,r,e,v,e,n,g,e, ,f,o,r, ,t,h,e, ,i,n,j,u,s,t,i,c,e,s, ,I,',v,e, ,b,e,e,n, ,p,u,t, ,t,h,r,o,u,g,h,?, , ,N,o,., , ,I,',m, ,s,t,i,l,l, ,a,l,i,v,e, ,a,n,d, ,d,o,i,n,g, ,o,k,., , ,N,o,w, ,i,t, ,m,a,y, ,s,e,e,m, ,l,i,k,e, ,I,',m, ,n,o,t,., , ,I, ,d,o, ,g,e,t, ,n,i,g,h,t, ,t,e,r,r,o,r,s, ,h,a,v,e, ,s,o,m,e, ,s,y,m,p,t,o,m,s, ,o,f, ,P,T,S,D,.,"
","
",I, ,c,a,n, ,t,o,t,a,l,l,y, ,u,n,d,e,r,s,t,a,n,d, ,a,n,d, ,f,o,r,g,i,v,e, ,t,h,e, ,p,o,l,i,c,e, ,o,n, ,a, ,p,e,r,s,o,n,a,l, ,l,e,v,e,l,",", ,b,u,t, ,a,s, ,e,v,e,r,y,o,n,e, ,i,s, ,a,n, ,i,n,d,i,v,i,d,u,a,l, ,a,n,d, ,t,h,e,i,r, ,a,r,e, ,g,o,i,n,g, ,t,o, ,b,e, ,a, ,f,e,w, ,b,a,d, ,e,g,g,s, ,i,n, ,t,h,e, ,b,u,n,c,h,., ,I,',d, ,b,e, ,u,p,s,e,t, ,a,n,d, ,a,n,g,r,y, ,i,f, ,I, ,k,n,e,w, ,I, ,w,a,s, ,f,i,g,h,t,i,n,g, ,a, ,l,o,s,i,n,g, ,b,a,t,t,l,e,., , ,M,y, ,m,o,r,a,l,e, ,w,o,u,l,d, ,b,e, ,a,f,f,e,c,t,e,d, ,i,f, ,I, ,c,o,n,s,t,a,n,t,l,y, ,h,e,a,r, ,m,y, ,j,o,b, ,i,s,n,',t, ,d,o,i,n,g, ,a,n,y, ,g,o,o,d, ,a,n,d, ,k,e,e,p, ,h,e,a,r,i,n,g, ,m,y, ,s,i,d,e, ,o,n, ,t,h,e, ,w,a,r, ,o,n, ,d,r,u,g,s, ,i,s,n,',t, ,w,i,n,n,i,n,g,., , ,Y,o,u, ,s,e,e, ,c,r,i,m,i,n,a,l,s, ,g,e,t,t,i,n,g, ,a,w,a,y, ,a,n,d, ,a,l,w,a,y,s, ,p,l,a,y,i,n,g, ,c,a,t,c,h, ,u,p,., ,T,h,i,s, ,p,s,y,c,h,o,l,o,g,i,c,a,l,l,y, ,c,r,e,a,t,e,s, ,b,a,d, ,e,g,g,s, ,t,o, ,b,e,n,d, ,t,h,e, ,r,u,l,e,s, ,a,n,d, ,c,r,e,a,t,e, ,s,o,m,e,t,h,i,n,g, ,n,o, ,s,i,d,e, ,w,o,u,l,d, ,w,a,n,t, ,t,o, ,h,a,v,e,., ,Y,o,u, ,c,r,e,a,t,e, ,a, ,"""",d,o,u,b,l,e, ,a,g,e,n,t,"""",., , ,S,o,m,e,o,n,e, ,w,i,l,l,i,n,g, ,t,o, ,g,o, ,t,o, ,t,h,e, ,e,x,t,r,e,m,e,s, ,a,n,d, ,b,e,c,o,m,e, ,o,p,p,o,s,i,t,e, ,o,f, ,w,h,a,t, ,t,h,e,y, ,i,n,t,e,n,d,e,d, ,t,o, ,b,e,;, ,a, ,c,r,i,m,i,n,a,l,.,"
","
",S,u,r,e, ,t,h,e,y, ,m,a,y, ,i,n, ,t,h,e,i,r, ,h,e,a,r,t, ,b,e,l,i,e,v,e, ,t,h,e,y, ,a,r,e, ,d,o,i,n,g, ,t,h,e, ,r,i,g,h,t, ,t,h,i,n,g,",", ,b,u,t, ,i,n, ,a,c,t,u,a,l,i,t,y, ,t,h,e,y, ,a,r,e, ,w,o,r,s,t, ,o,f, ,t,h,e, ,w,o,r,s,t, ,a,n,d, ,d,a,m,a,g,e,s, ,t,h,a,t, ,s,i,d,e,s, ,c,a,u,s,e,., , ,J,u,s,t, ,l,i,k,e, ,y,o,u, ,h,a,v,e, ,s,n,i,t,c,h,e,s, ,t,h,e,y, ,g,e,t, ,o,u,t, ,c,a,s,t,e,d, ,a,n,d, ,b,l,a,c,k, ,l,i,s,t,e,d,., , ,I,f, ,y,o,u, ,h,a,v,e, ,b,a,d, ,c,o,p,s, ,s,t,i,c,k,i,n,g, ,t,o, ,t,h,e, ,b,l,u,e, ,c,o,d,e,;, ,l,o,o,k,i,n,g, ,a,w,a,y, ,a,n,d, ,n,o,t, ,s,p,e,a,k,i,n,g, ,u,p,",", , ,t,h,e,y, ,a,r,e, ,j,u,s,t, ,a,s, ,g,u,i,l,t,y, ,a,s, ,t,h,e, ,c,o,p, ,p,l,a,n,t,i,n,g, ,e,v,i,d,e,n,c,e,",", ,l,y,i,n,g, ,t,o, ,c,o,v,e,r, ,t,h,e,i,r, ,b,a,c,k,",", ,a,n,d, ,h,i,t,t,i,n,g, ,a,n,d, ,h,a,r,a,s,s,i,n,g, ,p,e,o,p,l,e,., , ,Y,o,u, ,m,a,y, ,e,v,e,n, ,h,a,v,e, ,s,o,m,e, ,g,e,t, ,a,w,a,y, ,w,i,t,h, ,m,u,r,d,e,r,., , ,I,n, ,t,h,e, ,e,n,d, ,a,s, ,i,t, ,g,o,e,s,;, ,n,o, ,g,o,o,d, ,d,e,e,d, ,g,o,e,s, ,u,n,p,u,n,i,s,h,e,d,., , ,"
","
",I, ,h,a,t,e, ,b,e,i,n,g, ,a,t, ,w,a,r, ,w,i,t,h, ,m,y, ,n,e,i,g,h,b,o,r,., , ,B,o,t,h, ,s,i,d,e,s, ,o,f, ,t,h,i,s, ,c,o,n,f,l,i,c,t, ,c,o,u,l,d, ,e,n,d, ,t,h,e, ,m,a,d,n,e,s,s, ,a,n,d, ,n,e,e,d,l,e,s,s, ,l,o,s,s, ,o,f, ,l,i,f,e, ,i,f, ,w,e, ,p,u,t, ,a,n, ,e,n,d, ,t,o, ,t,h,i,s, ,a,n,d, ,p,r,o,g,r,e,s,s, ,a,s, ,a, ,s,o,c,i,e,t,y,., , ,T,h,e,i,r, ,w,i,l,l, ,n,e,v,e,r, ,b,e, ,a, ,w,i,n,n,e,r, ,t,o, ,t,h,i,s, ,w,a,r,., , ,A,s, ,l,o,n,g, ,a,s, ,a,l,c,o,h,o,l, ,a,n,d, ,o,t,h,e,r, ,d,r,u,g,s, ,a,r,e, ,l,e,g,a,l, ,a,n,d, ,y,o,u, ,b,a,n, ,t,h,e, ,r,e,s,t, ,b,e,c,a,u,s,e, ,i,t, ,h,a,s, ,n,o,t, ,m,e,d,i,c,a,l, ,b,e,n,e,f,i,t, ,o,r, ,i,s, ,e,a,s,i,l,y, ,a,b,u,s,e,d, ,w,e,',l,l, ,c,o,n,t,i,n,u,e, ,t,o, ,h,a,v,e, ,d,i,s,a,r,r,a,y, ,a,n,d, ,c,o,n,f,l,i,c,t,., , ,I,',d, ,h,a,v,e, ,t,o, ,b,e, ,s,o,m,e,o,n,e, ,I, ,d,o,n,',t, ,w,a,n,t, ,t,o, ,b,e, ,a,n,d, ,w,i,t,n,e,s,s, ,l,o,v,e,d, ,o,n,e,s, ,l,o,s,e, ,t,h,e,i,r, ,f,r,e,e,d,o,m, ,b,e,c,a,u,s,e, ,o,f, ,t,h,i,s, ,n,o,n,-,s,e,n,s,e,., , ,I,f, ,w,e, ,c,a,n,',t, ,a,g,r,e,e, ,t,o,g,e,t,h,e,r, ,a,s, ,a, ,c,o,u,n,t,r,y, ,a,n,d, ,c,o,n,t,i,n,u,e, ,s,i,l,e,n,t,l,y, ,f,i,g,h,t,i,n,g, ,t,h,i,s, ,c,i,v,i,l, ,w,a,r,;, ,t,h,e,n, ,w,e, ,n,e,e,d, ,t,o, ,s,t,a,n,d, ,o,u,r, ,g,r,o,u,n,d, ,a,n,d, ,n,o,t, ,l,o,s,e, ,f,a,i,t,h, ,i,n, ,o,u,r, ,b,e,l,i,e,f,s,., , ,"
","
",W,e, ,a,r,e, ,a,l,l, ,s,o,l,d,i,e,r,s, ,o,n, ,t,h,i,s, ,s,u,b, ,f,i,g,h,t,i,n,g, ,a, ,w,a,r, ,t,h,a,t, ,w,a,s, ,c,a,s,t, ,u,p,o,n, ,u,s, ,a,n,d, ,c,h,o,s,e, ,t,o, ,s,t,a,n,d, ,u,p, ,f,o,r, ,o,u,r, ,r,i,g,h,t, ,t,o, ,p,u,t, ,s,u,b,s,t,a,n,c,e,s, ,i,n, ,o,u,r, ,b,o,d,i,e,s,",", ,a,s, ,w,e, ,a,r,e, ,f,r,e,e, ,t,h,i,n,k,e,r,s, ,a,n,d, ,i,n,d,i,v,i,d,u,a,l,s, ,n,o,t, ,w,i,l,l,i,n,g, ,t,o, ,b,e,n,d, ,o,v,e,r, ,a,n,d, ,b,o,w, ,t,o, ,s,o,m,e, ,o,n,e, ,e,l,s,e,',s, ,i,d,e,a,l,s,., , ,L,e,t, ,u,s, ,h,a,v,e, ,t,h,e, ,f,r,e,e,d,o,m, ,t,o, ,b,e, ,a, ,f,r,i,n,g,e,",", ,o,b,s,c,u,r,e, ,a,n,d, ,m,o,r,b,i,d, ,p,e,o,p,l,e, ,c,o,n,t,i,n,u,e, ,t,o, ,d,o, ,w,h,a,t, ,w,e, ,d,o,., , ,R,i,s,k, ,o,u,r, ,l,i,v,e,s, ,f,o,r, ,a, ,c,a,u,s,e, ,t,h,a,t, ,w,e, ,b,e,l,i,e,v,e, ,i,s, ,r,i,g,h,t, ,a,n,d, ,t,r,u,e,., , ,R,i,s,k, ,o,u,t, ,f,r,e,e,d,o,m, ,b,e,c,a,u,s,e, ,w,e, ,c,h,o,o,s,e, ,t,o, ,u,s,e, ,a, ,c,h,e,m,i,c,a,l, ,t,h,a,t, ,o,t,h,e,r,s, ,b,e,l,i,e,v,e, ,w,e, ,s,h,o,u,l,d,n,',t,., , ,"
","
",A,l,r,i,g,h,t, ,/,r,/,o,p,i,a,t,e,s,., ,L,o,v,e, ,y,o,u, ,a,l,l,",", ,t,a,k,e, ,c,a,r,e, ,a,n,d, ,b,e, ,s,a,f,e,., , ,I,',m, ,d,o,n,e, ,r,a,n,t,i,n,g, ,f,o,r, ,t,o,d,a,y,., , ,"
","
","
", , , ,"
"
1

1
S,o,",", ,l,o,n,g, ,s,t,o,r,y, ,s,h,o,r,t, ,I,',m, ,o,n, ,p,r,o,b,a,t,i,o,n, ,a,n,d, ,I, ,s,h,o,t, ,d,o,p,e, ,m,a,y,b,e, ,8, ,h,o,u,r,s, ,a,g,o,., ,I, ,n,e,e,d, ,t,o, ,f,i,n,d, ,a, ,w,a,y, ,t,o, ,a,l,l,o,w, ,m,e, ,t,o, ,e,x,p,l,a,i,n, ,a,w,a,y, ,t,h,e, ,p,o,s,i,t,i,v,e, ,f,o,r, ,o,p,i,a,t,e,s,",", ,a,n,d, ,t,h,e, ,o,n,l,y, ,w,a,y, ,I, ,c,a,n, ,t,h,i,n,k, ,o,f, ,t,h,a,t, ,w,i,l,l, ,"""",a,l,l,o,w,"""", ,m,e, ,t,o, ,p,i,s,s, ,h,o,t, ,f,o,r, ,o,p,i,a,t,e,s, ,i,s, ,b,e,i,n,g, ,a,d,m,i,t,t,e,d, ,t,o, ,t,h,e, ,h,o,s,p,i,t,a,l, ,w,i,t,h, ,a, ,l,e,g,i,t, ,i,n,j,u,r,y,., ,I, ,h,a,v,e, ,t,o, ,p,i,s,s, ,t,o,m,o,r,r,o,w, ,m,o,r,n,i,n,g,",", ,s,o, ,t,h,i,s, ,n,e,e,d,s, ,t,o, ,h,a,p,p,e,n, ,A,S,A,P,.,"
","
","
",I,',v,e, ,b,r,o,k,e,n, ,a, ,t,o,e, ,b,e,f,o,r,e, ,a,n,d, ,k,n,o,w, ,t,h,a,t, ,i,t,',s, ,n,o,t, ,t,h,a,t, ,d,a,n,g,e,r,o,u,s, ,o,r, ,c,a,n, ,r,e,a,l,l,y, ,c,a,u,s,e, ,d,a,m,a,g,e,",", ,b,u,t, ,v,e,r,y, ,p,a,i,n,f,u,l,., ,W,h,a,t, ,I, ,c,a,m,e, ,u,p, ,w,i,t,h, ,w,i,t,h, ,m,y, ,g,f, ,i,s, ,b,a,s,i,c,a,l,l,y,:,"
","
",I, ,g,e,t, ,h,i,g,h, ,a,s, ,s,h,i,t, ,o,n, ,t,h,e, ,l,a,s,t, ,f,e,w, ,b,a,g,s, ,I, ,h,a,v,e, ,l,e,f,t,.,"
","
","
",I, ,g,e,t, ,h,e,r, ,t,o, ,s,m,a,s,h, ,m,y, ,b,i,g, ,t,o,e, ,w,i,t,h, ,a, ,h,a,m,m,e,r,.,"
","
","
",I, ,g,o, ,i,n,t,o, ,t,h,e, ,h,o,s,p,i,t,a,l,",", ,t,h,e,y, ,g,i,v,e, ,m,e, ,p,a,i,n, ,m,e,d,s,.,"
","
","
",I, ,g,e,t, ,s,o,m,e, ,k,i,n,d, ,o,f, ,n,o,t,e, ,s,a,y,i,n,g, ,t,h,e,y, ,g,a,v,e, ,m,e, ,m,e,d,s, ,f,o,r, ,a,n, ,i,n,j,u,r,y,.,"
","
","
",I, ,g,o, ,i,n, ,f,o,r, ,p,r,o,b,a,t,i,o,n,",", ,h,o,p,e,f,u,l,l,y, ,m,y, ,P,O, ,b,u,y,s, ,t,h,e, ,s,t,o,r,y,., ,H,a,s, ,a,n,y,o,n,e, ,e,l,s,e, ,d,o,n,e, ,s,o,m,e,t,h,i,n,g, ,l,i,k,e, ,t,h,i,s, ,b,e,f,o,r,e,?, ,I,',m, ,d,e,a,d, ,b,r,o,k,e,",", ,s,o, ,I,',m, ,g,o,n,n,a, ,b,e, ,v,e,r,y, ,s,i,c,k, ,i,f, ,I, ,d,o,n,',t, ,c,o,m,e, ,u,p, ,w,i,t,h, ,s,o,m,e, ,m,o,n,e,y, ,a,f,t,e,r, ,I, ,p,i,s,s, ,t,o,m,o,r,r,o,w,., ,I,',m, ,g,o,n,n,a, ,h,a,v,e, ,m,y, ,g,f, ,g,o, ,o,u,t, ,a,n,d, ,t,u,r,n, ,a, ,t,r,i,c,k, ,o,n, ,b,a,c,k,p,a,g,e, ,a,n,d, ,I, ,g,u,e,s,s, ,w,e,',l,l, ,s,p,l,i,t, ,t,h,e, ,m,o,n,e,y, ,t,o,m,o,r,r,o,w,., ,N,e,e,d,l,e,s,s, ,t,o, ,s,a,y, ,I,',m, ,n,o,t, ,f,e,e,l,i,n,g, ,v,e,r,y, ,g,o,o,d, ,a,b,o,u,t, ,m,y,s,e,l,f,.,"
","
","
","
","
"
1
I, ,t,h,o,u,g,h,t, ,I, ,w,a,s, ,b,e,i,n,g, ,s,a,f,e, ,b,y, ,s,n,o,r,t,i,n,g, ,a, ,l,i,n,e, ,a,s, ,a, ,t,e,s,t,e,r, ,b,e,f,o,r,e, ,d,o,i,n,g, ,m,y, ,s,h,o,t,., ,I, ,w,a,s, ,w,r,o,n,g,",", ,I, ,a,l,m,o,s,t, ,d,i,e,d, ,o,n, ,t,h,e, ,s,p,o,t, ,a,n,d, ,h,a,d, ,t,o, ,h,a,v,e, ,2, ,n,a,s,a,l, ,n,a,r,c,a,n, ,d,o,s,e,s, ,a,n,d, ,t,h,e,n, ,t,w,o, ,I,.,V, ,n,a,r,c,a,n, ,d,o,s,e,s,., ,P,l,e,a,s,e, ,b,e, ,c,a,r,e,f,u,l, ,t,h,a,t, ,c,a,r,f,e,n,t,a,l, ,s,h,i,t, ,i,s, ,r,e,a,l, ,a,n,d, ,i,t, ,i,s, ,r,e,a,l, ,d,a,n,g,e,r,o,u,s,.,"
","
","
",I,',m, ,s,o, ,g,r,a,t,e,f,u,l, ,t,o, ,b,e, ,h,e,r,e, ,n,o,w, ,e,v,e,n, ,t,h,o,u,g,h, ,I, ,m,a,y, ,l,o,s,e, ,m,y, ,p,l,a,c,e, ,t,o, ,l,i,v,e,., ,J,u,s,t, ,b,e, ,c,a,r,e,f,u,l, ,O,h,i,o,., ,T,h,a,t,',s, ,a,l,l,.,.,.,"
","
","
",E,d,i,t,:, ,I, ,g,u,e,s,s, ,I, ,u,p,s,e,t, ,p,e,o,p,l,e, ,b,e,c,a,u,s,e, ,I, ,d,i,d,n,',t, ,a,c,t,u,a,l,l,y, ,f,u,l,l,y, ,d,i,e, ,s,o, ,I, ,e,d,i,t,e,d, ,i,t, ,t,o, ,s,a,y, ,a,l,m,o,s,t, ,d,i,e,d, ,o,n, ,t,h,e, ,s,p,o,t,., ,S,o,r,r,y, ,f,o,r, ,t,h,e, ,c,o,n,f,u,s,i,o,n, ,I, ,g,u,e,s,s,.
1
W,i,s,h, ,m,e, ,l,u,c,k,., ,I, ,l,o,v,e, ,y,o,u, ,a,l,l,.
1
H,e,l,l,o, ,f,r,i,e,n,d,s,",", ,I, ,w,a,n,t,e,d, ,t,o, ,s,h,a,r,e, ,a, ,q,u,i,c,k, ,s,t,o,r,y, ,t,h,a,t, ,h,a,p,p,e,n,e,d, ,t,o, ,m,e, ,r,e,c,e,n,t,l,y,.,"
","
",W,h,e,r,e, ,I, ,l,i,v,e, ,t,a,r, ,i,s, ,t,h,e, ,o,n,l,y, ,t,h,i,n,g, ,a,v,a,i,l,a,b,l,e,., ,U,s,u,a,l,l,y, ,I, ,w,i,l,l, ,t,u,r,n, ,i,t, ,i,n,t,o, ,p,o,w,d,e,r, ,a,n,d, ,s,n,o,r,t, ,i,t,",", ,o,t,h,e,r, ,t,i,m,e,s, ,I, ,w,i,l,l, ,s,m,o,k,e, ,i,t, ,i,n,s,t,e,a,d,., ,O,n, ,e,x,t,r,e,m,e,l,y, ,r,a,r,e, ,o,c,c,a,s,i,o,n,s, ,w,h,e,n, ,I, ,c,o,m,e, ,a,c,r,o,s,s, ,a, ,f,r,i,e,n,d, ,w,i,t,h, ,c,l,e,a,n, ,r,i,g,s,",", ,p,r,o,b,a,b,l,y, ,a,b,o,u,t, ,3, ,t,i,m,e,s, ,a, ,y,e,a,r,",", ,I, ,w,i,l,l, ,b,a,n,g, ,i,t,.,"
","
",A, ,l,i,t,t,l,e, ,o,v,e,r, ,a, ,m,o,n,t,h, ,a,g,o, ,I, ,w,a,s, ,d,i,a,g,n,o,s,e,d, ,w,i,t,h, ,a, ,s,k,i,n, ,i,n,f,e,c,t,i,o,n, ,c,a,l,l,e,d, ,C,e,l,l,u,l,i,t,i,s,",", ,a, ,f,a,i,r,l,y, ,c,o,m,m,o,n, ,y,e,t, ,p,o,t,e,n,t,i,a,l,l,y, ,f,a,t,a,l, ,b,a,c,t,e,r,i,a,l, ,s,t,a,p,h, ,i,n,f,e,c,t,i,o,n,., ,I,t, ,f,o,r,m,e,d, ,o,n, ,t,h,e, ,b,a,c,k, ,o,f, ,m,y, ,n,e,c,k,",", ,a,n,d, ,a,f,t,e,r, ,a, ,w,e,e,k, ,o,f, ,a,n,t,i,b,i,o,t,i,c,s, ,i,t, ,w,e,n,t, ,a,w,a,y,., ,"
","
",A,b,o,u,t, ,3, ,w,e,e,k,s, ,l,a,t,e,r,",", ,I, ,w,a,s, ,h,a,n,g,i,n,g, ,w,i,t,h, ,a, ,f,r,i,e,n,d, ,w,h,o, ,h,a,s, ,C,r,o,h,n,',s, ,d,i,s,e,a,s,e, ,w,h,i,c,h, ,r,e,q,u,i,r,e,s, ,a, ,m,o,n,t,h,l,y, ,I,M, ,i,n,j,e,c,t,i,o,n, ,w,h,i,c,h, ,s,h,e, ,d,o,e,s, ,h,e,r,s,e,l,f,., ,I, ,d,e,c,i,d,e,d, ,I, ,w,o,u,l,d, ,b,a,n,g, ,a, ,p,o,i,n,t, ,s,i,n,c,e, ,i,t, ,h,a,d, ,b,e,e,n, ,s,o, ,l,o,n,g,., ,I, ,t,a,k,e, ,p,r,i,d,e, ,i,n, ,m,y, ,I,V, ,p,r,o,c,e,d,u,r,e, ,a,n,d, ,u,s,u,a,l,l,y, ,f,o,l,l,o,w, ,a,l,l, ,t,h,e, ,h,a,r,m, ,r,e,d,u,c,t,i,o,n, ,s,t,e,p,s,;, ,t,h,e, ,o,p,e,r,a,t,i,v,e, ,w,o,r,d, ,h,e,r,e, ,i,s, ,"""",u,s,u,a,l,l,y,"""",",", ,a,s, ,I, ,f,o,r,g,o,t, ,t,o, ,c,l,e,a,n,/,s,t,e,r,i,l,i,z,e, ,t,h,e, ,i,n,j,e,c,t,i,o,n, ,s,i,t,e, ,t,h,i,s, ,t,i,m,e, ,a,r,o,u,n,d,.,"
","
",S,o,m,e, ,o,f, ,y,o,u, ,m,a,y, ,a,l,r,e,a,d,y, ,k,n,o,w, ,w,h,e,r,e, ,t,h,i,s, ,i,s, ,g,o,i,n,g,., ,T,h,e, ,n,e,x,t, ,d,a,y, ,I, ,n,o,t,i,c,e,d, ,w,h,a,t, ,a,p,p,e,a,r,e,d, ,t,o, ,b,e, ,t,h,e, ,f,i,r,s,t, ,s,t,a,g,e, ,o,f, ,t,h,e, ,C,e,l,l,u,l,i,t,i,s, ,i,n,f,e,c,t,i,o,n,., ,I,t, ,w,a,s, ,v,e,r,y, ,m,i,l,d, ,s,o, ,I, ,d,i,d,n,',t, ,t,h,i,n,k, ,t,o,o, ,m,u,c,h, ,a,b,o,u,t, ,i,t,., ,T,h,e, ,d,a,y, ,a,f,t,e,r, ,t,h,a,t, ,i,t, ,w,a,s, ,b,l,a,t,a,n,t,l,y, ,c,l,e,a,r, ,t,h,e, ,i,n,f,e,c,t,i,o,n, ,h,a,d, ,c,o,m,e, ,b,a,c,k,",", ,o,n,l,y, ,m,u,c,h, ,w,o,r,s,e, ,a,n,d, ,n,o, ,l,o,n,g,e,r, ,i,s,o,l,a,t,e,d, ,t,o, ,m,y, ,n,e,c,k,., ,B,o,t,h, ,o,f, ,m,y, ,f,e,e,t, ,w,e,r,e, ,t,r,e,m,e,n,d,o,u,s,l,y, ,e,f,f,e,c,t,e,d, ,a,n,d, ,h,a,d, ,d,e,v,e,l,o,p,e,d, ,b,l,i,s,t,e,r,s, ,o,n, ,s,o,m,e, ,o,f, ,t,h,e, ,t,o,e,s,., ,M,y, ,n,e,c,k, ,w,a,s, ,i,n,f,e,c,t,e,d, ,a,g,a,i,n, ,a,s, ,w,e,l,l,",", ,a,l,o,n,g, ,w,i,t,h, ,m,y, ,s,c,a,l,p, ,(,a,l,l, ,o,v,e,r,",", ,b,u,t, ,t,h,a,n,k,f,u,l,l,y, ,n,o,t, ,v,i,s,i,b,l,e, ,a,s, ,I, ,h,a,v,e, ,l,o,n,g, ,t,h,i,c,k, ,h,a,i,r,),",", ,m,y, ,e,y,e,l,i,d,s,",", ,a, ,s,m,a,l,l, ,s,p,o,t, ,o,n, ,m,y, ,a,r,m, ,a,n,d,",", ,m,o,s,t, ,a,l,a,r,m,i,n,g,",", ,o,n, ,m,y, ,g,r,o,i,n, ,a,n,d, ,F,U,C,K,I,N,G, ,B,A,L,L,S, ,A,N,D, ,G,O,O,C,H,.,"
","
",T,o, ,p,a,i,n,t, ,a, ,p,i,c,t,u,r,e,",", ,C,e,l,l,u,l,i,t,i,s,",", ,a,t, ,l,e,a,s,t, ,i,n, ,m,y, ,c,a,s,e,",", ,w,a,s, ,c,h,a,r,a,c,t,e,r,i,s,e,d, ,b,y, ,r,e,d,",", ,s,w,o,l,l,e,n,",", ,t,i,n,g,l,y,",", ,h,o,t, ,s,k,i,n, ,s,o,m,e,t,i,m,e,s, ,a,c,c,o,m,p,a,n,i,e,d, ,b,y, ,s,t,r,a,n,g,e, ,p,a,i,n,f,u,l, ,b,l,i,s,t,e,r,s,., ,M,y, ,w,o,r,s,t, ,s,y,m,p,t,o,m,",", ,h,o,w,e,v,e,r,",", ,w,a,s, ,a, ,r,e,d, ,l,i,n,e, ,c,o,m,i,n,g, ,f,r,o,m, ,t,h,e, ,i,n,f,e,c,t,i,o,n, ,o,n, ,m,y, ,f,o,o,t, ,t,r,a,v,e,l,i,n,g, ,u,p, ,m,y, ,a,n,k,l,e, ,a,n,d, ,o,n,t,o, ,m,y, ,l,e,g,;, ,t,h,e, ,i,n,f,e,c,t,i,o,n, ,w,a,s, ,R,A,P,I,D,L,Y, ,s,p,r,e,a,d,i,n,g, ,a,n,d, ,h,a,d, ,p,o,t,e,n,t,i,a,l,l,y, ,e,n,t,e,r,e,d, ,m,y, ,b,l,o,o,d, ,s,t,r,e,a,m,., ,P,e,r,s,o,n,a,l,l,y,",", ,I, ,d,r,e,w, ,t,h,e, ,g,o,d,d,a,m, ,l,i,n,e, ,a,t, ,t,h,e, ,t,e,s,t,i,c,l,e,s,.,"
","
",T,h,e, ,d,o,c,t,o,r, ,w,a,s, ,u,p, ,f,r,o,n,t, ,a,b,o,u,t, ,h,o,w, ,s,e,r,i,o,u,s, ,t,h,i,s, ,l,o,o,k,e,d,",", ,a,n,d, ,w,o,u,l,d, ,h,a,v,e, ,a,d,m,i,t,t,e,d, ,m,e, ,t,o, ,t,h,e, ,E,R, ,i,f, ,i,t, ,w,a,s,n,',t, ,f,o,r, ,t,h,e, ,f,a,c,t, ,t,h,a,t, ,I, ,h,a,d, ,n,o, ,f,e,v,e,r,",", ,a, ,v,e,r,y, ,g,o,o,d, ,s,i,g,n, ,a,n,d, ,t,h,e, ,o,n,l,y, ,t,h,i,n,g, ,g,o,i,n,g, ,f,o,r, ,m,e,., ,H,e, ,g,a,v,e, ,m,e, ,a, ,s,t,r,o,n,g, ,s,h,o,t, ,o,f, ,a,n,t,i,b,i,o,t,i,c,s,",", ,a,l,o,n,g, ,w,i,t,h, ,a,n,o,t,h,e,r, ,o,r,a,l, ,r,e,g,i,m,e,n,t, ,a,n,d, ,t,o,l,d, ,m,e, ,t,o, ,g,o, ,t,o, ,t,h,e, ,E,R, ,i,m,m,e,d,i,a,t,e,l,y, ,i,f, ,i,t, ,g,o,t, ,a,n,y, ,w,o,r,s,e, ,o,r, ,I, ,d,e,v,e,l,o,p,e,d, ,a, ,f,e,v,e,r,.,"
","
",W,h,a,t, ,h,e, ,s,a,i,d, ,n,e,x,t, ,s,c,a,r,e,d, ,t,h,e, ,s,h,i,t, ,o,u,t, ,o,f, ,m,e,;, ,w,h,e,n, ,h,e, ,a,s,k,e,d, ,i,f, ,I, ,e,v,e,r, ,u,s,e, ,I,V, ,d,r,u,g,s, ,I, ,k,n,e,w, ,I, ,w,a,s, ,i,n, ,t,r,o,u,b,l,e,., ,H,e, ,h,a,d, ,n,o, ,r,e,a,s,o,n, ,t,o, ,b,e,l,i,e,v,e, ,I, ,u,s,e,d, ,d,r,u,g,s, ,a,t, ,a,l,l,",", ,l,e,t, ,a,l,o,n,e, ,b,y, ,r,o,u,t,e, ,o,f, ,i,n,j,e,c,t,i,o,n,., ,M,y, ,i,n,j,e,c,t,i,o,n, ,m,a,r,k, ,h,a,d, ,a,l,m,o,s,t, ,c,o,m,p,l,e,t,e,l,y, ,h,e,a,l,e,d, ,a,n,d, ,w,a,s, ,n,e,v,e,r, ,r,e,a,l,l,y, ,v,i,s,i,b,l,e, ,t,o, ,b,e,g,i,n, ,w,i,t,h, ,(,t,r,u,s,t, ,m,e,",", ,t,h,e,r,e, ,w,e,r,e, ,n,o, ,s,i,g,n,s,),;, ,h,e, ,s,t,r,a,i,g,h,t, ,u,p, ,G,r,e,g,o,r,y, ,H,o,u,s,e,d, ,m,e,.,"
","
",I, ,s,a,i,d, ,y,e,s,",", ,I, ,h,a,d, ,3, ,n,i,g,h,t,s, ,a,g,o,",", ,a,n,d, ,j,u,s,t, ,l,i,k,e, ,t,h,a,t, ,m,y, ,p,r,o,g,n,o,s,i,s, ,b,e,c,a,m,e, ,e,v,e,n, ,m,o,r,e, ,b,l,e,a,k,., ,A,p,p,a,r,e,n,t,l,y,",", ,d,e,s,p,i,t,e, ,h,a,v,i,n,g, ,c,l,e,a,r,e,d, ,u,p, ,t,h,e, ,i,n,f,e,c,t,i,o,n, ,o,n, ,m,y, ,n,e,c,k,",", ,t,h,e, ,b,a,c,t,e,r,i,a, ,m,a,y, ,h,a,v,e, ,n,o,t, ,b,e,e,n, ,c,o,m,p,l,e,t,e,l,y, ,k,i,l,l,e,d,., ,W,h,e,n, ,t,h,e, ,n,e,e,d,l,e, ,p,u,n,c,t,u,r,e,d, ,m,y, ,s,k,i,n, ,i,t, ,b,r,o,u,g,h,t, ,a,n, ,u,n,w,a,n,t,e,d, ,g,u,e,s,t, ,a,l,o,n,g, ,a,n,d, ,a,s, ,I, ,p,l,u,n,g,e,d, ,i,t,',s, ,c,o,n,t,e,n,t,s, ,i,n,t,o, ,m,y, ,v,e,i,n, ,I, ,i,n,a,d,v,e,r,t,e,n,t,l,y, ,s,e,n,t, ,a, ,d,e,a,d,l,y, ,s,t,a,p,h, ,i,n,f,e,c,t,i,o,n, ,s,w,i,m,m,i,n,g, ,t,h,r,o,u,g,h, ,m,y, ,b,o,d,y,., ,"
","
",T,h,i,s, ,i,s, ,w,h,a,t, ,c,a,u,s,e,d, ,t,h,e, ,i,n,f,e,c,t,i,o,n, ,t,o, ,s,p,r,e,a,d, ,l,i,t,e,r,a,l,l,y, ,f,r,o,m, ,h,e,a,d, ,t,o, ,t,o,e,., ,I,t, ,w,a,s, ,a,l,s,o, ,s,t,r,o,n,g,e,r, ,t,h,i,s, ,t,i,m,e, ,a,r,o,u,n,d, ,a,s, ,i,t, ,h,a,d, ,b,e,c,o,m,e, ,m,o,r,e, ,r,e,s,i,s,t,a,n,t, ,t,o, ,t,h,e, ,a,n,t,i,b,i,o,t,i,c,s, ,I, ,w,a,s, ,t,a,k,i,n,g,., ,M,y, ,d,o,c,t,o,r, ,s,a,i,d, ,i,t, ,w,a,s, ,a,l,s,o, ,l,i,k,e,l,y, ,t,h,e, ,i,n,f,e,c,t,i,o,n, ,s,p,r,e,a,d, ,t,o, ,m,y, ,h,e,a,r,t,",", ,o,r, ,p,e,r,h,a,p,s, ,a,n,o,t,h,e,r, ,i,n,t,e,r,n,a,l, ,o,r,g,a,n,., ,L,u,c,k,i,l,y, ,h,e, ,w,a,s, ,a,b,l,e, ,t,o, ,p,u,l,l, ,s,o,m,e, ,s,t,r,i,n,g,s, ,a,t, ,t,h,e, ,h,o,s,p,i,t,a,l, ,a,n,d, ,g,o,t, ,m,e, ,a,n, ,a,p,p,o,i,n,t,m,e,n,t, ,w,i,t,h, ,a, ,c,a,r,d,i,o,l,o,g,i,s,t, ,t,h,e, ,n,e,x,t, ,d,a,y,., ,H,e, ,a,l,s,o, ,t,o,o,k, ,a, ,g,o,o,d, ,a,m,o,u,n,t, ,o,f, ,m,y, ,b,l,o,o,d, ,a,n,d, ,b,e,g,a,n, ,d,o,i,n,g, ,c,u,l,t,u,r,e,s, ,o,n, ,t,h,e,m, ,t,o, ,f,u,r,t,h,e,r, ,a,s,e,s,s, ,m,y, ,s,i,t,u,a,t,i,o,n,.,"
","
",I, ,h,a,d, ,a,n, ,E,K,G, ,d,o,n,e, ,w,h,i,c,h, ,t,h,a,n,k,f,u,l,l,y, ,s,h,o,w,e,d, ,n,o, ,s,i,g,n, ,o,f, ,b,a,c,t,e,r,i,a,l, ,v,e,g,e,t,a,t,i,o,n,., ,T,h,e, ,b,l,o,o,d, ,c,u,l,t,u,r,e,s, ,a,l,s,o, ,b,r,o,u,g,h,t, ,g,o,o,d, ,n,e,w,s,",", ,a,l,t,h,o,u,g,h, ,t,h,e,r,e, ,w,a,s, ,i,n,d,e,e,d, ,s,o,m,e, ,c,o,m,p,l,i,c,a,t,i,o,n, ,t,h,a,t, ,w,o,u,l,d, ,h,a,v,e, ,f,u,c,k,e,d, ,m,e, ,h,a,r,d,",", ,p,o,t,e,n,t,i,a,l,l,y, ,k,i,l,l,i,n,g, ,m,e,",", ,h,a,d, ,i,t, ,n,o,t, ,b,e,e,n, ,d,i,a,g,n,o,s,e,d, ,a,n,d, ,t,r,e,a,t,e,d, ,s,o, ,q,u,i,c,k,l,y,., ,T,h,a,t, ,w,a,s, ,a,b,o,u,t, ,2, ,w,e,e,k,s, ,a,g,o, ,a,n,d, ,l,a,s,t, ,F,r,i,d,a,y, ,w,a,s, ,t,h,e, ,f,i,n,a,l, ,d,a,y, ,o,f, ,t,r,e,a,t,m,e,n,t,., ,"
","
",I,t, ,w,a,s, ,s,u,p,p,o,s,e,d, ,t,o, ,b,e,",", ,a,t, ,l,e,a,s,t,., ,T,h,u,r,s,d,a,y, ,n,i,g,h,t, ,t,h,e, ,i,n,f,e,c,t,i,o,n, ,c,a,m,e, ,b,a,c,k, ,f,o,r, ,t,h,e, ,T,H,I,R,D, ,t,i,m,e,",", ,o,n,l,y, ,o,n, ,m,y, ,r,i,g,h,t, ,f,o,o,t,., ,O,n, ,m,a,n,y, ,o,t,h,e,r, ,p,a,r,t,s, ,o,f, ,m,y, ,b,o,d,y, ,I, ,c,o,u,l,d, ,f,e,e,l, ,a,n, ,i,m,m,i,n,e,n,t, ,i,n,f,e,c,t,i,o,n, ,(,I,',v,e, ,g,o,t,t,e,n, ,v,e,r,y, ,u,s,e,d, ,t,o, ,t,h,e, ,s,y,m,p,t,o,m,s,/,p,r,o,g,r,e,s,s,), ,b,r,e,w,i,n,g,., ,I, ,w,e,n,t, ,s,t,r,a,i,g,h,t, ,t,o, ,t,h,e, ,E,R,",", ,p,r,e,t,t,y, ,f,u,c,k,i,n,g, ,s,c,a,r,e,d, ,a,n,d, ,a,t, ,t,h,e, ,e,n,d, ,o,f, ,m,y, ,r,o,p,e,s,., ,F,o,r, ,t,h,e, ,f,i,r,s,t, ,t,i,m,e, ,i,n, ,m,y, ,2,4, ,y,e,a,r,s, ,a,l,i,v,e, ,I, ,b,e,g,a,n, ,t,o, ,f,e,e,l, ,h,e,l,p,l,e,s,s, ,r,e,g,a,r,d,i,n,g, ,a, ,m,e,d,i,c,a,l, ,i,s,s,u,e, ,a,n,d, ,q,u,e,s,t,i,o,n,e,d, ,w,h,e,t,h,e,r, ,o,r, ,n,o,t, ,I, ,w,o,u,l,d, ,a,c,t,u,a,l,l,y, ,g,e,t, ,b,e,t,t,e,r,",", ,a,n,d, ,i,t, ,w,a,s, ,a,l,l, ,m,y, ,f,a,u,l,t,., ,I,t,',s, ,t,r,u,l,y, ,a, ,t,e,r,r,i,f,y,i,n,g, ,e,x,p,e,r,i,e,n,c,e, ,a,n,d, ,I,',v,e, ,g,a,i,n,e,d, ,a, ,l,o,t, ,o,f, ,e,m,p,a,t,h,y, ,t,o,w,a,r,d,s, ,t,h,o,s,e, ,i,n, ,s,i,m,i,l,a,r, ,s,i,t,u,a,t,i,o,n,s,.,"
","
",T,h,e, ,d,o,c,t,o,r, ,a,t, ,t,h,e, ,E,R, ,g,a,v,e, ,m,e, ,a,n, ,e,v,e,n, ,s,t,r,o,n,g,e,r, ,i,n,j,e,c,t,a,b,l,e, ,a,n,t,i,b,i,o,t,i,c, ,a,n,d, ,a, ,d,i,f,f,e,r,e,n,t, ,o,r,a,l, ,t,r,e,a,t,m,e,n,t,., ,A,l,t,h,o,u,g,h, ,i,t, ,w,a,s,n,',t, ,w,h,a,t, ,I, ,w,a,n,t,e,d, ,t,o, ,h,e,a,r,",", ,I, ,w,a,s, ,h,a,p,p,y, ,t,h,a,t,",", ,l,i,k,e, ,m,y, ,G,P,",", ,h,e, ,w,a,s, ,s,t,r,a,i,g,h,t,f,o,r,w,a,r,d, ,a,b,o,u,t, ,m,y, ,s,i,t,u,a,t,i,o,n,., ,I, ,w,a,s, ,r,u,n,n,i,n,g, ,o,u,t, ,o,f, ,a,n,t,i,b,i,o,t,i,c,s, ,(,t,h,e,r,e, ,w,a,s, ,o,n,l,y, ,o,n,e, ,o,p,t,i,o,n, ,l,e,f,t, ,i,f, ,t,h,i,s, ,p,r,o,v,e,d, ,i,n,n,e,f,e,c,t,i,v,e,),",", ,t,h,e, ,b,a,c,t,e,r,i,a, ,w,a,s, ,b,e,c,o,m,i,n,g, ,m,o,r,e, ,a,n,d, ,m,o,r,e, ,r,e,s,i,s,t,a,n,t, ,w,i,t,h, ,e,v,e,r,y, ,f,a,i,l,e,d, ,a,t,t,e,m,p,t, ,a,n,d, ,I, ,w,o,u,l,d, ,b,e, ,i,n, ,v,e,r,y, ,s,e,r,i,o,u,s, ,t,r,o,u,b,l,e, ,i,f, ,t,h,i,s, ,I,M,/,o,r,a,l, ,a,n,t,i,b,i,o,t,i,c, ,t,r,e,a,t,m,e,n,t, ,d,i,d,n,',t, ,d,o, ,t,h,e, ,t,r,i,c,k,., ,T,h,e, ,i,n,j,e,c,t,i,o,n, ,w,a,s, ,a, ,r,e,d,i,c,u,l,o,u,s,l,y, ,e,n,o,r,m,o,u,s, ,d,o,s,e, ,o,f, ,9,0,0, ,m,g, ,(,s,e,e,m,e,d, ,t,o, ,b,e, ,a,b,o,u,t, ,8, ,o,z, ,o,f, ,l,i,q,u,i,d,",", ,t,h,e, ,n,u,r,s,e, ,s,a,i,d, ,h,e, ,h,a,d, ,n,e,v,e,r, ,g,i,v,e,n, ,o,r, ,h,e,a,r,d, ,o,f, ,s,o,m,e,o,n,e, ,g,e,t,t,i,n,g, ,a, ,d,o,s,e, ,t,h,a,t, ,h,i,g,h,), ,a,n,d, ,i,t, ,l,i,t,e,r,a,l,l,y, ,t,o,o,k, ,o,v,e,r, ,t,w,o, ,m,i,n,u,t,e,s, ,t,o, ,e,m,p,t,y, ,t,h,e, ,s,y,r,i,n,g,e, ,i,n,t,o, ,m,y, ,a,s,s, ,c,h,e,e,k,s,.,"
","
",I,',m, ,r,e,l,i,e,v,e,d, ,t,o, ,s,a,y, ,t,h,e, ,t,h,i,r,d, ,t,r,e,a,t,m,e,n,t, ,w,a,s, ,a,l,s,o, ,t,h,e, ,l,a,s,t,., ,T,h,i,s, ,w,a,s, ,a,n, ,i,n,c,r,e,d,i,b,l,y, ,f,r,i,g,h,t,e,n,i,n,g, ,r,i,d,e, ,a,n,d, ,c,o,u,l,d, ,h,a,v,e, ,b,e,e,n, ,s,o, ,e,a,s,i,l,y, ,p,r,e,v,e,n,t,e,d, ,b,y, ,s,i,m,p,l,y, ,s,t,e,r,i,l,i,z,i,n,g, ,t,h,e, ,i,n,j,e,c,t,i,o,n, ,s,i,t,e,., ,I, ,a,l,w,a,y,s, ,k,n,e,w, ,s,a,f,e, ,I,V, ,p,r,o,c,e,d,u,r,e, ,w,a,s, ,i,m,p,o,r,t,a,n,t,",", ,h,o,w,e,v,e,r,",", ,I, ,h,a,d, ,n,e,v,e,r, ,e,v,e,n, ,c,o,n,s,i,d,e,r,e,d, ,i,t, ,w,a,s, ,d,e,s,i,g,n,e,d, ,t,o, ,p,r,o,t,e,c,t, ,a,g,a,i,n,s,t, ,a, ,s,i,t,u,a,t,i,o,n, ,l,i,k,e, ,t,h,i,s,., ,I, ,a,l,w,a,y,s, ,a,s,s,u,m,e,d, ,i,t, ,w,a,s, ,s,o,l,e,l,y, ,t,o, ,p,r,e,v,e,n,t, ,t,h,e, ,a,c,t,u,a,l, ,p,u,n,c,t,u,r,e, ,w,o,u,n,d, ,f,r,o,m, ,b,e,c,o,m,i,n,g, ,i,n,f,e,c,t,e,d,., ,I, ,g,u,e,s,s, ,I, ,l,e,a,r,n,e,d, ,t,h,e, ,h,a,r,d, ,w,a,y,!,"
","
",S,o,r,r,y, ,f,o,r, ,h,o,w, ,l,o,n,g, ,t,h,i,s, ,s,t,o,r,y, ,w,a,s,",", ,b,u,t, ,I, ,h,o,p,e, ,t,h,o,s,e, ,o,f, ,y,o,u, ,w,h,o, ,t,o,o,k, ,t,h,e, ,t,i,m,e, ,t,o, ,r,e,a,d, ,i,t, ,g,a,i,n, ,s,o,m,e,t,h,i,n,g, ,f,r,o,m, ,i,t,., ,H,a,r,m, ,r,e,d,u,c,t,i,o,n, ,c,a,n, ,s,e,e,m, ,l,i,k,e, ,a,n, ,i,n,c,o,n,v,e,n,i,e,n,c,e, ,a,t, ,t,i,m,e,s,",", ,b,u,t, ,i,t,',s, ,t,r,u,l,y, ,a, ,s,m,a,l,l, ,p,r,i,c,e, ,t,o, ,p,a,y, ,w,h,e,n, ,y,o,u, ,c,o,n,s,i,d,e,r, ,a,l,l, ,t,h,e, ,c,o,m,p,l,i,c,a,t,i,o,n,s, ,i,n,t,r,a,v,e,n,o,u,s, ,d,r,u,g, ,u,s,e, ,c,a,n, ,c,a,u,s,e,., ,A,s, ,f,o,r, ,m,e,",", ,I, ,w,i,l,l, ,b,e, ,s,t,i,c,k,i,n,g, ,t,o, ,m,y, ,p,r,e,f,e,r,r,e,d, ,i,n,t,r,a,n,a,s,a,l, ,r,o,u,t,e, ,f,r,o,m, ,n,o,w, ,o,n,., ,S,t,a,y, ,s,a,f,e, ,o,u,t, ,t,h,e,r,e, ,g,u,y,s,!,!,"
","
",T,l,;,d,r, ,-, ,S,t,e,r,i,l,i,z,e,/,c,l,e,a,n, ,y,o,u,r, ,i,n,j,e,c,t,i,o,n, ,s,i,g,h,t,",", ,e,s,p,e,c,i,a,l,l,y, ,i,f, ,y,o,u,',v,e, ,b,e,e,n, ,s,i,c,k, ,r,e,c,e,n,t,l,y, ,o,r, ,a,r,o,u,n,d, ,a,n,y,o,n,e, ,w,h,o, ,h,a,s,., ,I,t, ,c,a,n, ,s,a,v,e, ,y,o,u,r, ,l,i,f,e,.
1
W,t,f,?, ,1,0,0, ,m,i,l,l,i,g,r,a,m,s, ,I, ,b,a,r,e,l,y, ,f,e,l,t,., ,1,2,0, ,a,n,d, ,I,',m, ,g,e,t,t,i,n,g, ,w,o,k,e, ,u,p, ,i,n, ,a, ,K,r,o,g,e,r, ,p,h,a,r,m,a,c,y, ,d,r,i,v,e, ,t,h,r,u, ,b,e,c,a,u,s,e, ,a, ,n,e,i,g,h,b,o,r, ,I,',v,e, ,n,e,v,e,r, ,m,e,t, ,c,o,u,l,d, ,g,e,t, ,N,a,r,c,a,n, ,t,h,e,r,e,., ,H,a,p,p,e,n,e,d, ,r,i,g,h,t, ,i,n, ,f,r,o,n,t, ,o,f, ,t,h,e, ,p,h,a,r,m,a,c,y, ,w,i,n,d,o,w, ,w,o,r,k,e,r, ,p,e,r,s,o,n, ,t,o,o,., ,P,r,e,t,t,y, ,s,u,r,e, ,s,h,e, ,c,a,l,l,e,d, ,t,h,e, ,p,o,l,i,c,e, ,b,u,t, ,w,e, ,w,e,r,e, ,g,o,n,e,., ,W,h,y, ,d,i,d, ,o,n,l,y, ,a, ,2,0, ,m,i,l,l,i,g,r,a,m, ,i,n,c,r,e,a,s,e, ,d,o, ,t,h,i,s, ,t,o, ,m,e,?
1

1
B,e,f,o,r,e, ,i, ,d,i,d, ,a,n,y, ,o,p,i,a,t,e,s, ,i, ,u,s,e, ,t,o, ,b,e, ,v,e,r,y, ,h,e,a,r,t,l,e,s,s,",", ,l,i,k,e, ,n,u,m,b,",", ,i, ,u,s,e, ,t,o, ,w,a,t,c,h, ,g,o,r,e, ,v,i,d,e,o,s, ,a,l,l, ,t,h,e, ,t,i,m,e, ,i,m, ,t,a,l,k,i,n, ,a,b,o,u,t, ,i,s,i,s, ,b,e,h,e,a,d,i,n,g,s,",",k,i,d,s, ,e,x,e,c,u,t,i,n,g, ,p,r,i,s,o,n,e,r,s,",",h,a,n,g,i,n,g,s,",",c,a,r, ,a,c,c,i,d,e,n,t,s,",", ,s,h,i,t,",", ,i,v,e, ,s,e,e,n, ,t,h,i,s, ,o,n,e, ,v,i,d,e,o, ,w,h,e,r,e, ,a, ,d,u,d,e, ,d,r,o,p,p,e,d, ,a, ,r,o,c,k, ,a,n,d, ,a, ,p,r,i,s,o,n,e,r,s, ,h,e,a,d, ,a,n,d, ,t,h,e, ,d,u,d,e, ,s,t,a,r,t,e,d, ,t,h,r,o,w,i,n,g, ,u,p, ,h,i,s, ,o,w,n, ,b,r,a,i,n, ,t,h,r,e,w, ,h,i,s, ,n,o,s,e,",", ,s,h,i,t,s, ,c,r,a,z,y, ,b,u,t, ,w,h,e,n, ,i, ,t,r,i,e,d, ,7,0,m,g, ,o,f, ,h,y,d,r,o,c,o,d,o,n,e, ,f,o,r, ,t,h,e, ,f,i,r,s,t, ,t,i,m,e, ,i, ,f,e,l,t, ,s,o, ,s,y,m,p,a,t,h,e,t,i,c, ,s,o, ,h,a,p,p,y, ,a,n,d, ,a,f,t,e,r, ,t,h,a,t, ,h,i,g,h,",", ,i, ,c,o,u,l,d, ,n,o,t, ,w,a,t,c,h, ,p,e,o,p,l,e, ,g,e,t, ,h,u,r,t, ,l,i,k,e, ,t,h,a,t, ,n,o, ,m,o,r,e,",", ,i, ,f,e,e,l, ,f,o,r, ,o,t,h,e,r,s, ,n,o,w,",", ,o,p,i,a,t,e,s, ,a,r,e, ,s,o, ,g,r,e,a,t,",", ,i, ,h,a,t,e, ,t,h,e, ,s,t,i,g,m,a, ,a,r,o,u,n,d, ,t,h,e,m,",", ,i, ,g,u,e,s,s, ,s,o,m,e, ,p,e,o,p,l,e, ,c,a,n,t, ,h,a,n,d,l,e, ,t,h,e,m,",", ,n,o,w, ,i, ,b,u,y, ,a,t,l,e,a,s,t, ,8,0,m,g, ,o,f, ,o,x,y, ,a, ,m,o,n,t,h,., ,I,m, ,t,o,o, ,p,o,o,r, ,t,o, ,a,f,f,o,r,d, ,m,o,r,e, ,b,u,t, ,e,v,e,n, ,w,h,e,n, ,i, ,d,o, ,h,a,v,e, ,w,a,s,t,e, ,m,o,n,e,y, ,i, ,s,p,e,n,d, ,i,t, ,o,n, ,w,e,e,d, ,a,n,d, ,s,n,a,c,k,s
1
S,o, ,I,',v,e, ,b,e,e,n, ,w,a,n,t,i,n,g, ,t,o, ,q,u,i,t, ,(,a,g,a,i,n,), ,f,o,r, ,a, ,w,h,i,l,e, ,n,o,w,., ,I, ,h,a,v,e, ,b,e,e,n, ,u,s,i,n,g, ,e,v,e,r,y,d,a,y, ,f,o,r, ,a,b,o,u,t, ,1, ,m,o,n,t,h, ,a,n,d, ,y,e,t, ,a,g,a,i,n, ,I, ,h,a,v,e, ,d,r,a,i,n,e,d, ,m,y, ,b,a,n,k, ,a,c,c,o,u,n,t,., ,I, ,h,a,v,e, ,2, ,4,m,g, ,s,t,r,i,p,s, ,I, ,a,m, ,g,o,i,n,g, ,t,o, ,d,e,t,o,x, ,w,i,t,h,., ,"
","
",D,a,y, ,1,:, ,2,m,g,-,"
",-,D,a,y, ,2,:, ,2,m,g,-,"
",-,D,a,y, ,3,:,1,m,g,-,"
",-,D,a,y, ,4,:,1,m,g,-,"
",-,D,a,y, ,5,:, ,.,5,m,g,-,"
",-,D,a,y, ,6,:, ,.,5,m,g,-,"
",-,D,a,y, ,7,:, ,.,5,m,g,-,"
",-,D,a,y, ,8,:, ,.,2,5,m,g,-,"
",-,D,a,y, ,9,:, ,.,2,5,m,g,-,"
","
",H,o,w, ,d,o,e,s, ,t,h,i,s, ,s,o,u,n,d,?, ,I,',m, ,s,h,o,r,t, ,o,n, ,s,u,b,s, ,s,o, ,t,h,a,t,',s, ,w,h,y, ,I, ,a,m, ,s,t,a,r,t,i,n,g, ,s,o, ,l,o,w,., ,Q,u,e,s,t,i,o,n,:, ,H,o,w, ,m,u,c,h, ,d,i,s,c,o,m,f,o,r,t, ,d,o, ,y,o,u, ,t,h,i,n,k, ,I, ,f,e,e,l,?, ,(,s,u,b,s, ,n,o,r,m,a,l,l,y, ,g,i,v,e, ,m,e, ,r,e,l,i,e,f, ,a,t, ,a, ,l,o,w, ,d,o,s,a,g,e,),"
",T,h,a,n,k, ,y,o,u, ,e,v,e,r,y,o,n,e,!, ,I, ,a,p,p,r,e,c,i,a,t,e, ,a,l,l, ,f,e,e,d,b,a,c,k,., 
1
A,n,y,o,n,e, ,h,a,v,e, ,a,n,y, ,e,x,p,e,r,i,e,n,c,e, ,b,o,o,t,i,n,g, ,B,u,p,r,e,n,e,x,?, ,I, ,m,e,a,n, ,t,h,e, ,a,c,t,u,a,l,",", ,p,h,a,r,m,a,c,e,u,t,i,c,a,l, ,g,r,a,d,e,",", ,i,n,j,e,c,t,a,b,l,e, ,B,u,p,r,e,n,o,r,p,h,i,n,e,., ,I, ,u,s,e,d, ,t,o, ,b,o,o,t, ,S,u,b,u,t,e,x, ,b,a,c,k, ,i,n, ,t,h,e, ,d,a,y,",", ,a,n,d, ,d,e,f,i,n,i,t,e,l,y, ,d,o,n,',t, ,w,a,n,t, ,t,o, ,d,o, ,t,h,a,t, ,a,g,a,i,n,., ,B,a,d, ,f,o,r, ,t,h,e, ,v,e,i,n,s,., ,I,',m, ,s,c,h,e,m,i,n,g, ,o,n, ,w,a,y,s, ,t,o, ,g,e,t, ,m,y, ,h,a,n,d,s, ,o,n, ,t,h,e, ,g,o,o,d,s,",", ,a,n,d, ,I,',m, ,t,e,s,t,i,n,g, ,t,h,e, ,w,a,t,e,r,s, ,t,o, ,s,e,e, ,i,f, ,a,n,y, ,o,f, ,y,o,u, ,h,a,v,e, ,h,a,d, ,e,x,p,e,r,i,e,n,c,e,.
1
I, ,h,a,d, ,a, ,l,a,y,o,v,e,r, ,h,e,r,e, ,s,o, ,I, ,w,e,n,t, ,o,u,t, ,t,o, ,d,i,n,n,e,r, ,w,i,t,h, ,f,r,i,e,n,d,s, ,i,n, ,t,h,e, ,c,i,t,y,",", ,d,o,i,n,g, ,m,y, ,b,e,s,t, ,t,o, ,h,i,d,e, ,m,y, ,b,u,r,g,e,o,n,i,n,g, ,s,i,c,k,n,e,s,s, ,f,r,o,m, ,t,h,e,m,., ,A,l,l, ,w,a,s, ,s,e,t, ,t,o, ,b,e, ,t,a,k,e,n, ,c,a,r,e, ,o,f, ,t,h,e, ,m,i,n,u,t,e, ,I, ,g,o,t, ,h,o,m,e,., ,"
","
",D,i,n,n,e,r, ,w,e,n,t, ,w,e,l,l,., ,T,h,e,n, ,m,y, ,b,u,d,d,y,',s, ,c,a,r, ,o,v,e,r,h,e,a,t,e,d, ,a,n,d, ,b,a,s,i,c,a,l,l,y, ,b,l,e,w, ,u,p, ,o,n, ,u,s, ,o,n, ,t,h,e, ,w,a,y, ,b,a,c,k, ,t,o, ,t,h,e, ,a,i,r,p,o,r,t,",", ,a,n,d, ,I, ,w,a,s, ,a,l,r,e,a,d,y, ,r,u,s,h,i,n,g, ,t,o, ,m,a,k,e, ,m,y, ,r,e,t,u,r,n, ,f,l,i,g,h,t, ,h,o,m,e,., ,L,o,n,g, ,s,t,o,r,y, ,s,h,o,r,t,:, , ,I,',m, ,s,t,i,l,l, ,i,n, ,C,h,i,c,a,g,o,",", ,I,',m, ,s,u,p,p,o,s,e,d, ,t,o, ,b,e, ,t,w,o, ,t,i,m,e, ,z,o,n,e,s, ,a,w,a,y,",", ,a,n,d, ,I, ,a,m, ,f,a,s,t, ,b,e,c,o,m,i,n,g, ,v,e,r,y,",", ,v,e,r,y, ,s,i,c,k,.,"
","
",F,u,c,k,.,"
","
",N,o,b,o,d,y, ,h,e,r,e, ,k,n,o,w,s, ,o,f, ,m,y, ,h,a,b,i,t,",", ,a,n,d, ,I, ,c,a,n,',t, ,m,a,k,e, ,a,n,y, ,f,l,i,g,h,t,s, ,o,u,t, ,o,f, ,t,h,i,s, ,c,i,t,y, ,u,n,t,i,l, ,t,o,m,o,r,r,o,w, ,e,v,e,n,i,n,g, ,a,t, ,t,h,e, ,e,a,r,l,i,e,s,t,., ,B,u,t, ,I,',m, ,i,m,a,g,i,n,i,n,g, ,t,h,e,y,',r,e, ,p,r,o,b,a,b,l,y, ,g,o,n,n,a, ,t,o,s,s, ,m,e, ,o,f,f, ,t,h,e, ,f,l,i,g,h,t, ,j,u,s,t, ,f,o,r, ,l,o,o,k,i,n,g, ,s,o, ,b,a,d,.,"
","
",C,u,r,r,e,n,t,l,y, ,s,i,t,t,i,n,g, ,a,t, ,a,i,r,p,o,r,t, ,a,s,s,e,s,s,i,n,g, ,m,y, ,o,p,t,i,o,n,s,",", ,b,u,t, ,I,',m, ,a,b,o,u,t, ,t,o, ,h,a,v,e, ,a, ,p,a,n,i,c, ,a,t,t,a,c,k, ,h,e,r,e,., ,N,o,t, ,s,u,r,e, ,w,h,a,t, ,t,o, ,d,o, ,s,o, ,I,',m, ,b,i,t,c,h,i,n,g, ,t,o, ,R,e,d,d,i,t,.,"
","
",T,B,H,",", ,t,h,i,s, ,e,n,t,i,r,e, ,t,r,i,p, ,w,a,s, ,a, ,m,a,s,s,i,v,e, ,g,a,m,b,l,e, ,w,i,t,h, ,t,i,m,e, ,a,n,d, ,f,u,n,d,s,",", ,s,o, ,I, ,s,h,o,u,l,d,',v,e, ,s,e,e,n, ,t,h,i,s, ,c,o,m,i,n,g,., ,S,t,i,l,l,.,.,., ,F,u,c,k,.
1
"
",I, ,k,n,o,w, ,i,t,s, ,l,o,n,g, ,a,s, ,f,u,c,k, ,b,u,t, ,i,t,s, ,a,l,l, ,r,e,l,e,v,a,n,t,., ,T,L,D,R, ,a,t, ,t,h,e, ,e,n,d, ,i,f, ,y,o,u, ,c,a,n,t, ,b,e, ,b,o,t,h,e,r,e,d,.,"
","
",*,*,N,o,n, ,f,i,c,t,i,o,n, ,1,0,0,%,*,*,"
","
","
","
",I,m, ,n,o,t, ,t,e,l,l,i,n,g, ,y,o,u, ,t,h,i,s, ,a,s, ,a, ,c,a,u,t,i,o,n,a,r,y, ,t,a,l,e,",", ,I,m, ,j,u,s,t, ,t,e,l,l,i,n,g, ,y,o,u, ,a,b,o,u,t, ,h,o,w, ,m,y, ,l,i,f,e, ,w,a,s, ,s,a,v,e,d, ,i,n, ,s,u,m,m,e,r, ,o,f, ,2,0,1,1, ,b,y, ,s,o,m,e, ,g,i,r,l, ,w,h,o, ,w,a,n,t,e,d, ,t,o, ,h,a,v,e, ,s,e,x, ,w,i,t,h, ,m,e,., ,"
",T,h,e, ,g,i,r,l, ,t,h,a,t, ,w,a,n,t,e,d, ,t,o, ,h,a,v,e, ,s,e,x, ,w,i,t,h, ,m,e,?, ,I,t, ,m,y, ,r,o,o,m,m,a,t,e,s, ,g,i,r,l,f,r,i,e,n,d, ,a,t, ,t,h,e, ,t,i,m,e,., ,Y,e,a,h,",", ,I, ,k,n,o,w,., ,"
","
","
","
",*,*,J,u,s,t, ,l,e,t, ,m,e, ,t,e,l,l, ,y,o,u, ,t,h,i,s, ,s,t,o,r,y,*,*,"
","
","
","
",A,l,l,o,w, ,m,e, ,t,o, ,s,e,t, ,t,h,e, ,s,c,e,n,e, ,f,o,r, ,y,o,u, ,a, ,b,i,t,",", ,I, ,w,a,s, ,(,*,*,a,m,*,*, ,s,t,i,l,l, ,*,t,e,c,h,n,i,c,a,l,l,y,*,), ,m,a,r,r,i,e,d, ,t,o, ,t,h,i,s, ,d,a,n,i,s,h, ,g,i,r,l, ,a,n,d, ,I, ,l,i,v,e,d, ,i,n, ,D,e,n,m,a,r,k, ,w,i,t,h, ,h,e,r, ,f,o,r, ,a, ,c,o,u,p,l,e, ,y,e,a,r,s,., ,i, ,a,c,t,u,a,l,l,y, ,m,e,t, ,h,e,r, ,w,h,e,n, ,i, ,w,a,s, ,i,n, ,V,i,e,t,n,a,m, ,w,h,i,l,e, ,i, ,w,a,s, ,b,a,c,k,p,a,c,k,i,n,g, ,i,n, ,S,E, ,a,s,i,a,.,.,b,u,t, ,h,o,w, ,i, ,m,e,t, ,h,e,r, ,i,s, ,a, ,s,t,o,r,y, ,a,l,l, ,i,n, ,i,t,s, ,o,w,n,., ,I, ,w,a,s, ,2,3,-,2,5, ,w,h,e,n, ,I, ,w,a,s, ,w,i,t,h, ,h,e,r,., ,L,o,o,k,i,n,g, ,b,a,c,k, ,o,n, ,i,t, ,a,t, ,2,9, ,n,o,w,",", ,*,f,u,c,k,*, ,I, ,h,a,d, ,i,t, ,g,o,o,d,., ,W,e, ,h,a,d, ,a, ,b,a,d, ,a,s,s, ,2, ,b,r, ,a,p,a,r,t,m,e,n,t, ,n,e,a,r, ,C,o,p,e,n,h,a,g,e,n, ,c,i,t,y, ,c,e,n,t,e,r,., ,H,e,r, ,f,a,m,i,l,y, ,w,a,s, ,v,e,r,y, ,w,e,l,l, ,t,o, ,d,o, ,a,n,d, ,m,o,d,e,r,a,t,e,l,y, ,w,e,a,l,t,h,y,., ,T,h,e,y, ,o,w,n,e,d, ,a, ,v,a,c,a,t,i,o,n, ,h,o,u,s,e, ,i,n, ,S,w,e,d,e,n, ,t,h,a,t, ,w,e, ,u,s,e,d, ,t,o, ,g,o, ,f,o,r, ,C,h,r,i,s,t,m,a,s, ,a,n,d, ,d,u,r,i,n,g, ,t,h,e, ,s,u,m,m,e,r, ,t,o, ,c,h,i,l,l,., ,H,e,r, ,s,i,s,t,e,r, ,l,i,v,e,d, ,i,n, ,L,o,n,d,o,n, ,a,n,d, ,w,e, ,v,i,s,i,t,e,d, ,L,o,n,d,o,n, ,a, ,f,e,w, ,t,i,m,e,s, ,w,h,i,l,e, ,I, ,w,a,s, ,w,i,t,h, ,h,e,r,., ,S,h,e, ,w,a,s,n,t, ,a, ,d,r,u,g, ,a,d,d,i,c,t,",", ,C,o,m,p,l,e,t,e, ,p,s,y,c,h,o,",", ,o,r, ,a,b,u,s,i,v,e,., ,S,h,e, ,w,a,s, ,a,n,d, ,s,t,i,l,l, ,i,s, ,b,e,a,u,t,i,f,u,l,., ,T,h,a,t,s, ,w,h,y, ,I, ,m,a,r,r,i,e,d, ,h,e,r, ,w,h,e,n, ,I, ,w,a,s, ,t,w,e,n,t,y,-,f,u,c,k,i,n,g,-,t,h,r,e,e,",", ,b,e,c,a,u,s,e, ,s,h,e, ,w,a,s, ,t,h,e, ,h,o,t,t,e,s,t, ,t,h,i,n,g, ,I, ,h,a,d, ,l,a,i,d, ,e,y,e,s, ,o,n, ,a,n,d, ,I, ,h,a,d, ,t,o, ,m,a,k,e, ,h,e,r, ,m,i,n,e,., ,Y,o,u, ,w,a,n,n,a, ,b,e,a,u,t,i,f,u,l, ,w,o,m,a,n, ,t,o, ,s,t,a,r,t, ,a, ,f,a,m,i,l,y, ,w,i,t,h, ,a,n,d, ,h,a,v,e, ,a, ,s,t,a,b,l,e, ,s,t,r,a,i,g,h,t, ,e,d,g,e, ,l,i,f,e,?, ,W,e,l,l, ,t,h,i,s, ,w,a,s, ,t,h,e, ,P,E,R,F,E,C,T, ,g,i,r,l,., ,"
","
","
","
",I, ,w,a,s, ,t,o,o, ,y,o,u,n,g,., ,I, ,w,a,s, ,s,t,i,l,l, ,t,r,y,i,n, ,t,o, ,g,e,t, ,b,u,c,k,w,i,l,d, ,s,o,n,., ,L,i,t,t,l,e, ,k,n,o,w,n, ,f,a,c,t,-, ,t,h,e, ,h,e,r,o,i,n, ,a,n,d, ,c,o,c,a,i,n,e, ,s,c,e,n,e, ,i,n, ,D,e,n,m,a,r,k, ,i,s, ,a,b,s,o,l,u,t,e,l,y, ,f,u,c,k,i,n,g, ,*,p,h,e,n,o,m,e,n,a,l,*,., ,T,h,i,s, ,w,a,s, ,4, ,y,e,a,r,s, ,a,g,o, ,a,n,d, ,I, ,*,s,t,i,l,l,*, ,h,a,v,e, ,d,r,e,a,m,s, ,s,o,m,e,t,i,m,e,s, ,w,h,e,r,e, ,I,m, ,b,a,c,k, ,i,n, ,D,e,n,m,a,r,k, ,s,c,o,r,i,n,g, ,s,m,a,c,k, ,a,n,d, ,c,o,k,e, ,b,e,c,a,u,s,e, ,b,e,i,n,g, ,a, ,j,u,n,k,i,e, ,t,h,e,r,e, ,w,a,s, ,l,i,k,e, ,p,a,r,a,d,i,s,e,",", ,a,n,d, ,I, ,w,a,s, ,l,i,v,i,n,g, ,i,n, ,S,e,a,t,t,l,e, ,b,e,f,o,r,e, ,D,e,n,m,a,r,k,., ,I, ,t,h,o,u,g,h,t, ,t,h,e, ,S,e,a,t,t,l,e, ,h,e,r,o,i,n, ,s,c,e,n,e, ,w,a,s, ,c,o,o,l,., ,T,h,e,r,e, ,w,a,s, ,a, ,2,4, ,h,r, ,o,p,e,n, ,a,i,r, ,m,a,r,k,e,t, ,b,u,t, ,a,f,t,e,r, ,b,e,i,n,g, ,t,h,e,r,e, ,a, ,y,e,a,r, ,i, ,d,i,s,c,o,v,e,r,e,d, ,a, ,h,e,r,o,i,n, ,"""",h,o,u,s,e,"""",., ,I,t, ,w,a,s,n,t, ,l,i,k,e, ,o,n,e, ,o,f, ,c,l,i,n,i,c,s, ,t,h,a,t, ,y,o,u, ,h,e,a,r, ,a,b,o,u,t, ,i,n, ,S,c,a,n,d,i,n,a,v,i,a, ,w,h,e,r,e, ,t,h,e,y, ,g,i,v,e, ,y,o,u, ,f,r,e,e, ,d,o,p,e,",", ,t,h,i,s, ,w,a,s, ,l,i,k,e, ,a,n, ,o,f,f,i,c,e, ,w,i,t,h, ,a,n, ,i,n,t,e,r,c,o,m, ,w,h,e,r,e, ,t,h,e,y, ,b,u,z,z,e,d, ,y,o,u, ,i,n, ,a,n,d, ,y,o,u, ,c,o,u,l,d, ,b,u,y, ,a,n,d, ,i,n,j,e,c,t, ,h,e,r,o,i,n, ,t,h,e,r,e, ,s,a,f,e,l,y, ,a,n,d, ,c,h,i,l,l, ,a,n,d, ,s,m,o,k,e, ,c,i,g,a,r,e,t,t,e,s, ,a,n,d, ,w,e,e,d, ,o,n, ,t,h,e,i,r, ,c,o,u,c,h,e,s,., ,A,n,y, ,o,t,h,e,r, ,d,r,u,g,s, ,w,o,u,l,d, ,g,e,t, ,y,o,u, ,k,i,c,k,e,d, ,t,h,e, ,F,u,c,k, ,o,u,t,., ,I,f, ,t,h,e,y, ,c,a,u,g,h,t, ,y,o,u, ,s,m,o,k,i,n,g, ,c,r,a,c,k, ,i,n, ,t,h,e,r,e, ,o,r, ,s,o,m,e,t,h,i,n,g,",", ,y,o,u,r,e, ,g,o,n,e,., ,A,n,d, ,t,h,e,y, ,m,a,y, ,o,r, ,m,a,y, ,n,o,t, ,l,e,t, ,y,o,u, ,b,a,c,k, ,i,n, ,t,h,e, ,n,e,x,t, ,t,i,m,e,., ,Y,o,u, ,w,e,r,e,n,',t, ,a,l,l,o,w,e,d, ,t,o, ,u,s,e, ,h,e,r,o,i,n, ,t,h,a,t, ,y,o,u, ,d,i,d,n,t, ,b,u,y, ,t,h,e,r,e, ,e,i,t,h,e,r,., ,T,h,e, ,h,e,r,o,i,n, ,t,h,e,y, ,s,o,l,d, ,w,a,s, ,w,h,i,t,e,., ,I,f, ,y,o,u, ,d,i,d,n,t, ,t,a,s,t,e, ,i,t, ,f,i,r,s,t,",", ,y,o,u,d, ,t,h,i,n,k, ,i,t, ,w,a,s, ,c,o,k,e,., ,B,r,o,w,n, ,h,e,r,o,i,n, ,i,s, ,w,h,a,t, ,t,h,e,y, ,s,o,l,d, ,a,t, ,t,h,e, ,o,p,e,n, ,a,i,r, ,p,l,a,c,e, ,I, ,t,o,l,d, ,y,o,u, ,a,b,o,u,t,., ,A,n,y,w,a,y,., ,T,h,i,s, ,h,e,r,o,i,n, ,h,o,u,s,e, ,w,a,s, ,l,i,k,e, ,a, ,p,s,e,u,d,o,-,g,o,v,e,r,n,m,e,n,t,-,a,g,g,r,e,e,m,e,n,t, ,a,s, ,f,a,r, ,a,s, ,I, ,c,o,u,l,d, ,t,e,l,l,., ,T,h,e,y, ,g,a,v,e, ,y,o,u, ,a,l,l, ,c,l,e,a,n, ,w,o,r,k,s, ,y,o,u, ,n,e,e,d,e,d, ,t,o, ,b,a,n,g, ,w, ,a,n,d, ,a, ,b,a,t,h,r,o,o,m, ,w, ,n,o, ,l,o,c,k, ,s,o, ,t,h,e,y, ,c,o,u,l,d, ,e,a,s,i,l,y, ,f,i,n,d, ,y,o,u,., ,L,i,k,e, ,I, ,s,a,i,d, ,t,h,o,",", ,a,n,y, ,o,t,h,e,r, ,d,r,u,g,s, ,w,o,u,l,d, ,g,e,t, ,y,o,u, ,k,i,c,k,e,d, ,o,u,t,., ,E,x,c,e,p,t, ,w,e,e,d,., ,L,i,t,t,l,e, ,k,n,o,w,n, ,f,a,c,t, ,a,b,o,u,t, ,D,e,n,m,a,r,k, ,#,2, ,-,w,e,e,d, ,i,n, ,D,e,n,m,a,r,k, ,i,s, ,o,n, ,p,o,i,n,t,., ,Y,e,s,",", ,i,v,e, ,b,e,e,n, ,t,o, ,A,m,s,t,e,r,d,a,m, ,a,n,d, ,I, ,a,d,m,i,t,",", ,A,m,s,t,e,r,d,a,m, ,i,s, ,a, ,m,o,r,e, ,b,e,a,u,t,i,f,u,l, ,c,i,t,y,.,.,., ,C,a,n,a,l,s, ,a,n,d, ,s,h,i,t,., ,B,u,t, ,c,h,r,i,s,t,i,a,n,i,a, ,i,n, ,C,o,p,e,n,h,a,g,e,n, ,i,s, ,a, ,w,a,y,y,y,y,y,y, ,c,o,o,l,e,r, ,a,t,m,o,s,p,h,e,r,e, ,t,o, ,s,m,o,k,e, ,a,n,d, ,c,h,i,l,l, ,t,h,a,n, ,i,n, ,A,m,s,t,e,r,d,a,m,., ,P,l,u,s,",", ,w,h,e,n, ,I, ,w,a,s, ,i,n, ,A,m,s,t,e,r,d,a,m,",", ,i,t,s, ,s,u,c,h, ,a, ,s,m,o,k,e,y, ,t,o,u,r,i,s,t, ,h,o,t, ,s,p,o,t, ,t,h,a,t, ,t,h,e,y, ,o,v,e,r, ,c,h,a,r,g,e, ,f,o,r, ,b,u,l,l,s,h,i,t,., ,C,o,p,e,n,h,a,g,e,n, ,h,a,s,h,",", ,b,u,d,",", ,h,e,r,o,i,n,",", ,c,o,k,e,.,.,., ,I,m, ,n,o,t, ,k,i,d,d,i,n,g, ,w,h,e,n, ,I, ,s,a,y, ,b,e,s,t, ,p,l,a,c,e, ,i,v,e, ,b,e,e,n,., ,S,h,i,t, ,i,s, ,o,n,., ,F,u,c,k,i,n,g,., ,P,o,i,n,t,., ,"
","
","
","
",*,*,G,u,y,s,",", ,I,',m, ,l,e,a,d,i,n,g, ,t,o, ,t,h,e, ,a,c,t,u,a,l, ,s,t,o,r,y, ,o,f, ,g,e,t,t,i,n,g, ,m,y, ,l,i,f,e, ,s,a,v,e,d, ,b,u,t, ,I,',m, ,o,n, ,s,t,i,m,s, ,s,o, ,w,e,',r,e, ,j,u,s,t, ,t,a,k,i,n,g, ,t,h,e, ,l,o,n,g, ,w,a,y, ,k,?, ,*,*,"
","
","
","
",A,n,y,w,a,y,., ,S,o, ,i,n,s,t,e,a,d, ,o,f, ,k,e,e,p,i,n,g, ,m,y, ,s,h,i,t, ,t,o,g,e,t,h,e,r, ,i,n, ,j,u,n,k,i,e, ,p,a,r,a,d,i,s,e, ,w,i,t,h, ,a, ,F,U,C,K,I,N,G, ,d,o,w,n,r,i,g,h,t, ,g,o,r,g,e,o,u,s, ,S,c,a,n,d,i,n,a,v,i,a,n, ,w,o,m,a,n, ,w,h,o, ,I, ,w,a,s, ,m,a,r,r,i,e,d, ,t,o,",", ,w,h,o, ,I, ,h,a,d, ,p,e,r,m,a,n,e,n,t, ,r,e,s,i,d,e,n,c,y, ,v,i,s,a, ,l,i,v,i,n,g, ,w,i,t,h,",", ,I, ,d,e,c,i,d,e,d, ,t,o, ,l,e,a,v,e,., ,W,e, ,g,o,t, ,i,n,t,o, ,a, ,s,t,u,p,i,d, ,a,s,s, ,f,u,c,k,i,n,g, ,f,i,g,h,t, ,a,b,o,u,t, ,I, ,c,a,n,',t, ,r,e,m,e,m,b,e,r, ,w,h,a,t,., ,W,e,d, ,b,e,e,n, ,f,i,g,h,t,i,n,g, ,f,o,r, ,a, ,w,h,i,l,e, ,a,n,d, ,I, ,w,a,s, ,u,n,h,a,p,p,y, ,a,n,d, ,*,r,r,r,r,r,r,r,r,r,r,r,e,a,l,*, ,s,t,r,u,n,g, ,o,u,t, ,o,n, ,s,m,a,c,k, ,a,n,d, ,c,o,k,e, ,a,n,d, ,I, ,j,u,s,t, ,t,o,l,d, ,h,e,r, ,I, ,w,a,s, ,l,e,a,v,i,n,g,., ,L,i,k,e, ,t,h,a,t,., ,W,e, ,w,e,r,e,/,a,r,e, ,f,u,c,k,i,n, ,m,a,r,r,i,e,d, ,a,n,d, ,I, ,j,u,s,t, ,b,o,u,n,c,e,d,., ,B,e,c,a,u,s,e, ,i,m, ,a, ,p,i,e,c,e, ,o,f, ,s,h,i,t, ,j,u,n,k,i,e,., ,S,h,e, ,c,o,u,l,d, ,b,e, ,a, ,r,a,g,i,n,g, ,b,i,t,c,h, ,t,h,o,., ,A,n,d,a, ,s,h,i,t, ,t,a,l,k,e,r, ,b,c, ,h,e,r, ,f,a,m, ,w,a,s, ,r,i,c,h,., ,I,m, ,n,o,t, ,s,a,y,i,n,g, ,s,h,e, ,w,a,s, ,a,n, ,a,n,g,e,l,., ,"
","
","
","
",S,o, ,I, ,l,e,f,t, ,D,e,n,m,a,r,k, ,o,v,e,r, ,a, ,s,t,u,p,i,d, ,f,i,g,h,t, ,b,e,c,a,u,s,e, ,l,i,f,e, ,w, ,h,e,r, ,w,a,s, ,j,u,s,t, ,b,o,r,i,n,g,., ,I, ,l,o,v,e,d, ,h,e,r, ,b,u,t, ,I, ,w,a,s, ,y,o,u,n,g, ,a,n,d, ,w,a,s,n,t, ,d,o,n,e, ,y,e,t,., ,O,n,e, ,o,f, ,m,y, ,b,e,s,t, ,f,r,i,e,n,d,s, ,A,M,C,",", ,h,a,d, ,m,o,v,e,d, ,t,o, ,N,Y,C, ,f,r,o,m, ,S,e,a,t,t,l,e, ,a,n,d, ,h,a,d, ,b,e,e,n, ,a,s,k,i,n,g,",", ,p,r,a,c,t,i,c,a,l,l,y, ,*,b,e,g,g,i,n,g,*, ,m,e, ,t,o, ,c,o,m,e, ,t,o, ,N,Y,C, ,a,n,d, ,g,e,t, ,a, ,j,o,b, ,a,n,d, ,l,i,v,e, ,t,h,e,r,e, ,a,n,d, ,s,h,i,t,., ,I, ,c,o,u,l,d, ,c,r,a,s,h, ,a,t, ,h,i,s, ,h,o,u,s,e, ,i,n, ,B,r,o,o,k,l,y,n, ,f,o,r, ,f,r,e,e,., ,R,e,m,e,m,b,e,r, ,h,o,w, ,I, ,s,a,i,d, ,t,h,a,t, ,t,h,e, ,l,a,s,t, ,c,i,t,y, ,I, ,l,i,v,e,d, ,i,n, ,b,e,f,o,r,e, ,C,o,p,e,n,h,a,g,e,n, ,w,a,s, ,S,e,a,t,t,l,e,?, ,W,e,l,l, ,A,M,C, ,w,a,s, ,l,i,t,e,r,a,l,l,y, ,t,h,e, ,f,i,r,s,t, ,p,e,r,s,o,n, ,i, ,m,e,t, ,o,u,t,s,i,d,e, ,o,f, ,s,c,h,o,o,l, ,i,n, ,w,h,e,n, ,I, ,m,o,v,e,d, ,t,o, ,S,e,a,t,t,l,e,",", ,w,e, ,c,l,i,c,k,e,d, ,i,n,s,t,a,n,t,l,y,., ,Y,o,u, ,k,n,o,w, ,h,o,w, ,t,h,e,r,e,',s, ,j,u,s,t, ,s,o,m,e, ,p,e,o,p,l,e, ,i,n, ,l,i,f,e, ,y,o,u, ,m,e,e,t, ,a,n,d, ,j,u,s,t, ,*,r,i,g,h,t, ,a,w,a,y,*, ,y,o,u,r,e, ,t,o,t,a,l,l,y, ,c,o,o,l, ,w,i,t,h,?, ,L,i,k,e, ,y,o,u,',v,e, ,b,e,e,n, ,f,r,i,e,n,d,s, ,w,i,t,h, ,f,o,r,e,v,e,r, ,a,l,r,e,a,d,y,?, ,L,i,k,e, ,n,o, ,m,A,t,t,e,r, ,w,h,a,t, ,y,o,u, ,s,a,y, ,o,r, ,d,o, ,t,h,e,y, ,w,o,u,l,d, ,n,e,v,e,r, ,j,u,d,g,e, ,y,o,u,?, ,T,h,i,s, ,w,a,s, ,m,e, ,a,n,d, ,A,M,C,., ,T,h,e,r,e,',s, ,b,e,e,n, ,*,a,t, ,l,e,a,s,t,*, ,3, ,s,e,p,a,r,a,t,e, ,o,c,c,a,s,i,o,n,s, ,w,h,e,r,e, ,I, ,s,h,o,w,e,d, ,u,p, ,a,t, ,A,M,C,s, ,h,o,u,s,e, ,w,i,t,h, ,*,n,o,t,h,i,n,g,*, ,b,u,t, ,t,h,e, ,c,l,o,t,h,e,s, ,o,n, ,m,y, ,b,a,c,k, ,a,n,d, ,m,y, ,b,i,g, ,g,r,e,e,n, ,b,a,c,k, ,p,a,c,k,., ,A,l,l, ,s,t,r,u,n,g, ,o,u,t, ,o,n, ,d,o,p,e, ,w,i,t,h, ,o,u,t, ,a, ,d,a,m,n, ,t,h,i,n,g, ,i,n, ,t,h,e, ,w,o,r,l,d, ,a,n,d, ,h,e, ,a,l,w,a,y,s, ,t,o,o,k, ,m,e, ,i,n,., ,H,e, ,w,a,s, ,a,l,s,o, ,t,h,e, ,p,e,r,s,o,n, ,t,h,a,t, ,i,n,t,r,o,d,u,c,e,d, ,m,e, ,t,o, ,s,h,o,o,t,i,n,g, ,s,m,a,c,k,.,"
","
", ,"
","
",I, ,m,e,t, ,h,i,m, ,w,h,e,n, ,I, ,w,a,s, ,1,9, ,a,n,d, ,I, ,w,a,s, ,a, ,k,i,d, ,f,r,o,m, ,a, ,s,m,a,l,l, ,c,i,t,y, ,t,h,a,t, ,h,a,d, ,m,o,v,e,d, ,t,o, ,a, ,b,i,g, ,c,i,t,y,., ,l,i,k,e, ,I, ,s,a,i,d,",", ,m,e, ,a,n,d, ,A,M,C, ,i,n,s,t,a,n,t,l,y, ,c,l,i,c,k,e,d,., ,j,u,s,t, ,s,o,m,e, ,p,e,o,p,l,e, ,y,o,u, ,m,e,e,t, ,i,n, ,l,i,f,e, ,y,o,u, ,i,m,m,e,d,i,a,t,e,l,y, ,b,e,c,o,m,e, ,b,e,s,t, ,b,o,y,s, ,w,i,t,h, ,a,l,m,o,s,t, ,o,v,e,r, ,n,i,g,h,t,., ,a,n,y,w,a,y,",", ,a,f,t,e,r, ,w,o,r,k, ,A,M,C, ,i,n,v,i,t,e,d, ,m,e, ,o,v,e,r, ,t,o, ,h,i,s, ,a,p,a,r,t,m,e,n,t, ,t,o, ,c,h,i,l,l,., ,I, ,d,i,d,n,',t, ,h,a,v,e, ,s,h,i,t, ,e,l,s,e, ,g,o,i,n,g, ,o,n, ,a,n,d, ,I, ,w,a,s, ,t,r,y,i,n,g, ,t,o, ,m,a,k,e, ,n,e,w, ,f,r,i,e,n,d,s, ,i,n, ,a, ,n,e,w, ,c,i,t,y, ,s,o, ,w,h,y, ,n,o,t,?, ,S,o, ,I, ,g,e,t, ,t,h,e,r,e,",", ,a,n,d, ,h,i,m, ,a,n,d, ,h,i,s, ,b,u,d,d,i,e,s, ,h,a,d, ,s,o,m,e, ,l,i,t,t,l,e, ,g,r,e,e,n, ,p,i,l,l,s,",", ,y,o,u, ,k,n,o,w, ,w,h,a,t, ,I,',m, ,t,a,l,k,i,n,g, ,a,b,o,u,t,., ,t,h,e,y, ,w,e,r,e, ,c,h,a,s,i,n,g, ,t,h,e,m, ,o,n, ,f,o,i,l, ,a,n,d, ,t,h,e,n, ,I, ,w,a,t,c,h,e,d, ,h,i,m, ,a,n,d, ,h,i,s, ,(,o,u,r,), ,o,t,h,e,r, ,h,o,m,i,e, ,b,a,n,g, ,t,h,e,m,., ,I, ,h,a,d, ,n,e,v,e,r, ,s,e,e,n, ,a,n,y,o,n,e, ,b,a,n,g, ,a,n,y,t,h,i,n,g, ,i,n, ,m,y, ,e,n,t,i,r,e, ,l,i,f,e,., ,I,',m, ,o,r,i,g,i,n,a,l,l,y, ,f,r,o,m, ,t,h,e, ,M,i,d,w,e,s,t,",", ,b,u,t, ,I, ,d,i,d,n,',t, ,g,r,o,w, ,u,p, ,o,n, ,a, ,f,a,r,m, ,o,r, ,s,o,m,e, ,s,h,i,t,., ,H,e,r,o,i,n, ,w,a,s, ,p,r,e,t,t,y, ,m,u,c,h, ,t,h,e, ,o,n,l,y, ,d,r,u,g, ,i,d, ,n,e,v,e,r, ,t,r,i,e,d, ,b,e,f,o,r,e, ,I, ,m,o,v,e,d, ,t,o, ,s,e,a,t,t,l,e, ,b,e,s,i,d,e,s, ,l,i,k,e, ,P,C,P, ,a,n,d, ,s,h,i,t, ,l,i,k,e, ,t,h,a,t,., ,b,u,t, ,s,e,e,i,n,i,g, ,s,o,m,e,b,o,d,y, ,b,a,n,g, ,f,o,r, ,t,h,e, ,f,i,r,s,t, ,t,i,m,e, ,a,n,d, ,w,a,t,c,h,i,n,g, ,t,h,e,i,r, ,e,y,e,s, ,r,o,l,l, ,i,n,t,o, ,t,h,e, ,b,a,c,k, ,o,f, ,t,h,e,i,r, ,h,e,a,d, ,a,s, ,t,h,e,y, ,l,e,a,n,e,d, ,f,o,r,w,a,r,d, ,i,n, ,w,h,a,t, ,l,o,o,k,e,d, ,l,i,k,e, ,t,h,e, ,g,r,e,a,t,e,s,t, ,p,l,e,a,s,u,r,e, ,m,a,n, ,c,o,u,l,d, ,d,e,s,i,r,e,., ,L,i,k,e, ,I, ,s,a,i,d,",", ,I, ,w,a,s,n,',t, ,a, ,f,r,e,s,h, ,f,a,c,e,d, ,f,a,r,m, ,b,o,y, ,w,h,e,n, ,I, ,m,o,v,e,d, ,t,h,e,r,e,",", ,I, ,t,h,i,n,k, ,t,h,a,t,',s, ,p,a,r,t, ,o,f, ,t,h,e, ,r,e,a,s,o,n, ,m,e, ,a,n,d, ,A,M,C, ,c,l,i,c,k,e,d,., ,w,h,e,n, ,i, ,w,a,s, ,i,n, ,h,i,g,h,s,c,h,o,o,l, ,i, ,h,a,d, ,d,a,b,b,l,e,d, ,i,n, ,c,o,k,e,",", ,m,e,t,h,",", ,p,s,y,c,h,s, ,w,a,s, ,m,o,v,i,n,g, ,t,r,e,e,s, ,i,n, ,w,e,i,g,h,t, ,a,n,d, ,j,u,s,t, ,u,p, ,t,o, ,n,o, ,g,o,o,d, ,w,h,e,n, ,i,t, ,c,a,m,e, ,t,o, ,e,v,e,r,y,t,h,i,n,g,.,.,.,.,.,e,x,c,e,p,t, ,h,e,r,o,i,n,., ,s,e,e,i,n,g, ,s,o,m,e,o,n,e, ,s,h,o,o,t, ,u,p, ,f,o,r, ,t,h,e, ,f,i,r,s,t, ,t,i,m,e, ,w,a,s, ,l,i,k,e, ,a, ,n,e,w, ,w,o,r,l,d, ,j,u,s,t, ,o,p,e,n,e,d, ,u,p, ,t,o, ,m,e,., ,i, ,m,e,a,n,",", ,b,a,c,k, ,i,n, ,t,h,e, ,M,i,d,w,e,s,t, ,i,n, ,h,i,g,h,s,c,h,o,o,l, ,m,e, ,a,n,d, ,s,o,m,e, ,f,r,i,e,n,d,s, ,w,o,u,l,d, ,t,w,i,r,l, ,t,h,e, ,p,i,p,e, ,a,l,l, ,w,e,e,k,e,n,d, ,b,u,t, ,i,d, ,n,e,v,e,r, ,s,e,e,n, ,s,o,m,e,o,n,e, ,*,b,a,n,g,*,., ,a,n,y,w,a,y,",", ,i, ,d,i,d,n,',t, ,s,h,o,o,t, ,u,p, ,t,h,a,t, ,e,x,a,c,t, ,d,a,y,., ,b,u,t, ,a,f,t,e,r, ,a, ,c,o,u,p,l,e, ,t,i,m,e,s, ,o,f, ,g,o,i,n,g, ,o,v,e,r, ,t,h,e,r,e, ,i, ,g,a,v,e, ,i,n,., ,i, ,h,a,d, ,t,o, ,k,n,o,w, ,w,h,a,t, ,i,t, ,w,a,s, ,l,i,k,e,., ,A,M,C, ,w,a,s, ,t,h,e, ,f,i,r,s,t, ,p,e,r,s,o,n, ,t,h,a,t, ,e,v,e,r, ,g,a,v,e, ,m,e, ,a, ,s,h,o,t,., ,A,M,C, ,w,a,s, ,t,h,e, ,p,e,r,s,o,n, ,t,h,a,t, ,t,a,u,g,h,t, ,m,e, ,h,o,w, ,t,o, ,s,h,o,o,t, ,d,o,p,e,., ,A,M,C, ,w,a,s, ,t,h,e, ,p,e,r,s,o,n, ,t,h,a,t, ,t,a,u,g,h,t, ,m,e, ,h,o,w, ,t,o, ,c,o,l,d, ,c,o,p, ,i,n, ,s,e,a,t,t,l,e, ,w,a,y,y,y,y,y,y,y, ,b,a,c,k, ,i,n, ,t,h,e, ,d,a,y,",", ,a, ,f,u,c,k,i,n, ,d,e,c,a,d,e, ,a,g,o, ,',y,o,u,n,g,i,n,s,', ,(,s,o,r,r,y,),., ,T,h,e, ,f,i,r,s,t, ,t,i,m,e, ,i, ,l,e,t, ,A,M,C, ,s,h,o,o,t, ,m,e, ,i,t, ,w,a,s, ,j,u,s,t, ,m,o,r,p,h,i,n,e,., ,B,u,t, ,w,e, ,a,l,l, ,k,n,o,w, ,h,o,w, ,t,h,a,t, ,g,o,e,s,., ,F,e,w, ,s,h,o,r,t, ,w,e,e,k,s, ,l,a,t,e,r, ,w,e, ,w,e,r,e, ,o,u,t, ,b,a,n,g,i,n,g, ,h,e,r,o,i,n, ,t,o,g,e,t,h,e,r, ,o,n, ,b,r,o,a,d,w,a,y, ,i,n, ,s,e,a,t,t,l,e,., ,A,M,C, ,w,a,s, ,m,y, ,g,u,i,d,e, ,i,n,t,o, ,t,h,e, ,n,e,w, ,w,o,r,l,d, ,o,f, ,i,n,j,e,c,t,i,n,g, ,s,m,a,c,k,., ,Y,o,u, ,k,n,o,w, ,t,h,a,t, ,o,l,d,e,r, ,j,u,n,k,i,e, ,f,r,i,e,n,d, ,y,o,u, ,h,a,v,e, ,t,h,a,t,',s, ,b,e,e,n, ,d,o,i,n,g, ,h,e,r,o,i,n, ,w,a,y, ,l,o,n,g,e,r, ,t,h,a,n, ,y,o,u, ,t,h,a,t, ,y,o,u, ,c,a,l,l, ,e,v,e,r,y,t,i,m,e, ,y,o,u, ,t,h,i,n,k, ,y,o,u, ,m,i,g,h,t, ,h,a,v,e, ,a,n, ,a,b,s,c,e,s,s,?, ,o,r, ,m,i,s,s,e,d, ,a, ,s,h,o,t, ,h,e,r,e, ,o,r, ,t,h,e,r,e, ,a,n,d, ,w,h,a,t, ,d,o, ,i, ,d,o,?, ,o,r, ,i,s, ,i,t, ,s,a,f,e, ,t,o, ,d,o, ,s,m,a,c,k, ,a,n,d, ,s,o, ,a,n,d, ,s,o,?, ,t,h,a,t, ,g,u,y,?, ,t,h,a,t, ,w,a,s, ,A,M,C, ,t,o, ,m,e,., ,h,e, ,w,a,s, ,a,c,t,u,a,l,l,y, ,a, ,c,o,u,p,l,e, ,m,o,n,t,h,s, ,y,o,u,n,g,e,r, ,t,h,a,n, ,m,e, ,b,u,t, ,h,e, ,h,a,d, ,a, ,l,o,t, ,m,o,r,e, ,e,x,p, ,s,h,o,o,t,i,n,g, ,s,m,a,c,k, ,t,h,a,n, ,i, ,d,i,d,., ,h,e, ,s,h,o,w,e,d, ,m,e, ,t,h,e, ,r,o,p,e,s,., ,a,n,d, ,I,',m, ,n,o,t, ,m,a,d, ,a,t, ,h,i,m, ,f,o,r, ,i,t,., ,i, ,d,o,n,',t, ,f,e,e,l, ,l,i,k,e, ,h,e, ,p,r,e,s,s,u,r,e,d, ,m,e,., ,i, ,*,w,a,n,t,e,d,*, ,t,o, ,s,e,e, ,w,h,a,t, ,i,t, ,w,a,s, ,l,i,k,e, ,a,n,d, ,h,e, ,s,h,o,w,e,d, ,m,e,., ,a,n,d, ,o,n, ,t,o,p, ,o,f, ,t,h,a,t,",", ,A,M,C, ,w,a,s, ,o,n,e, ,o,f, ,t,h,e, ,m,o,s,t, ,g,e,n,u,i,n,e,",", ,h,e,a,r,t,f,e,l,t,",", ,g,e,n,e,r,o,u,s,",", ,t,h,o,u,g,h,t,f,u,l,",", ,i,n,s,a,n,e,l,y, ,f,u,n,n,y, ,p,e,o,p,l,e, ,i,v,e, ,e,v,e,r, ,m,e,t, ,a,n,d, ,j,u,s,t, ,a, ,b,r,o,t,h,e,r, ,t,o, ,m,e, ,r,e,a,l,l,y,., ,n,o,t, ,j,u,s,t, ,a, ,"""",d,r,u,g, ,b,u,d,d,y,"""",., ,s,o,m,e,t,i,m,e,s, ,w,e, ,w,o,u,l,d, ,g,e,t, ,m,a,d, ,a,t, ,e,a,c,h,o,t,h,e,r, ,o,v,e,r, ,s,t,u,p,i,d, ,d,r,u,g, ,s,h,i,t, ,b,u,t, ,i,t, ,w,a,s, ,a,l,w,a,y,s, ,t,e,m,p,o,r,a,r,y,., ,h,e, ,a,n,d, ,i, ,b,o,t,h, ,k,n,e,w, ,t,h,a,t, ,i,n, ,a, ,p,i,n,c,h,",", ,i,f, ,o,n,e, ,n,e,e,d,e,d, ,t,h,e, ,o,t,h,e,r,",", ,w,e, ,h,a,d, ,e,a,c,h,o,t,h,e,r,s, ,b,a,c,k,., ,A,M,C, ,w,a,s, ,m,y, ,f,u,c,k,i,n,g, ,b,o,y,., ,H,e, ,i,s, ,o,n,e, ,o,f, ,t,h,e, ,b,e,s,t, ,p,e,o,p,l,e, ,i, ,h,a,v,e, ,e,v,e,r, ,k,n,o,w,n,., ,"
", ,"
","
",I, ,s,t,i,l,l, ,r,e,m,e,m,b,e,r, ,s,o,m,e, ,o,f, ,t,h,e, ,h,a,r,d, ,l,a,u,g,h,s, ,w,e, ,s,h,a,r,e,d,., ,t,h,e, ,k,i,n,d, ,o,f, ,l,a,u,g,h, ,w,h,e,r,e, ,y,o,u, ,f,e,e,l, ,l,i,k,e, ,y,o,u,r,e, ,g,o,i,n,g, ,t,o, ,h,a,v,e, ,a, ,6, ,p,a,c,k, ,t,h,e, ,n,e,x,t, ,d,a,y, ,b,e,c,a,u,s,e, ,y,o,u,r,e, ,l,a,u,g,h,i,n,g, ,s,o, ,h,a,r,d, ,i,t, ,m,a,k,e,s, ,y,o,u,r, ,s,t,o,m,a,c,h, ,m,u,s,c,l,e,s, ,b,u,r,n,.,"
","
","
","
",o,k,.,.,., ,s,o,r,r,y, ,f,o,r, ,t,h,e, ,n,o,v,e,l, ,b,u,t, ,h,e,r,e,s, ,w,h,e,r,e, ,I,',m, ,g,o,i,n,g, ,t,o, ,t,i,e, ,i,t, ,t,o,g,e,t,h,e,r,., ,T,h,e,r,e, ,i,s, ,s,o,m,e, ,k,i,n,d, ,o,f, ,i,r,o,n,y, ,h,e,r,e, ,b,u,t, ,i,t,s, ,h,a,r,d, ,t,o, ,e,x,p,r,e,s,s,., ,I, ,a,l,s,o, ,f,e,e,l, ,l,i,k,e, ,t,h,e,r,e,s, ,a, ,l,i,f,e, ,l,e,s,s,o,n, ,h,e,r,e, ,b,u,t, ,i,t,s, ,o,b,v,i,o,u,s, ,w,h,a,t, ,t,h,a,t, ,i,s, ,a,n,d, ,i, ,a,l,r,e,a,d,y, ,t,o,l,d, ,y,o,u, ,t,h,a,t, ,t,h,i,s, ,i,s,n,',t, ,s,o,m,e, ,c,a,u,t,i,o,n,a,r,y, ,"""",d,o,n,',t, ,d,o, ,d,r,u,g,s,"""", ,t,a,l,e,., ,T,h,i,s, ,i,s, ,h,o,w, ,b,e,i,n,g, ,a, ,j,u,n,k,y, ,p,i,e,c,e, ,o,f, ,s,h,i,t, ,s,a,v,e,d, ,m,y, ,l,i,f,e,.,"
","
","
","
",S,o, ,f,r,o,m, ,D,e,n,m,a,r,k, ,i, ,m,o,v,e,d, ,t,o, ,B,r,o,o,k,l,y,n, ,t,o, ,l,i,v,e, ,w, ,A,M,C, ,a,n,d, ,h,i,s, ,r,o,o,m,m,a,t,e,s,., ,t,h,e,r,e, ,w,e,r,e, ,5, ,u,s, ,o,f, ,i,n,c,l,u,d,i,n,g, ,m,e,., ,O,n,e, ,c,o,u,p,l,e,",", ,o,n,e, ,s,i,n,g,l,e, ,g,i,r,l,",", ,A,M,C,",", ,a,n,d, ,m,y,s,e,l,f,., ,A,M,C, ,h,a,d, ,h,i,s, ,o,w,n, ,r,o,o,m, ,b,u,t, ,h,e, ,w,a,s, ,a,l,m,o,s,t, ,n,e,v,e,r, ,h,o,m,e,",", ,h,e, ,h,a,d, ,a, ,g,i,r,l, ,h,e, ,w,a,s, ,s,e,e,i,n,g, ,i,n, ,L,E,S, ,t,h,a,t, ,h,e, ,u,s,u,a,l,l,y, ,s,t,a,y,e,d, ,w,i,t,h, ,a,n,d, ,i, ,w,o,u,l,d, ,j,u,s,t, ,s,l,e,e,p, ,i,n, ,h,i,s, ,b,e,d,., ,o,n, ,t,h,e, ,n,i,g,h,t,s, ,h,e, ,w,a,s, ,h,o,m,e, ,i, ,w,o,u,l,d, ,j,u,s,t, ,s,l,e,e,p, ,o,n, ,t,h,e, ,c,o,u,c,h, ,i,n, ,t,h,e, ,l,i,v,i,n,g, ,r,o,o,m,., ,W,e,l,l,",", ,b,e,i,n,g, ,t,h,e, ,g,r,e,a,t, ,g,u,y, ,i, ,a,m,",", ,a,n,d, ,t,h,e, ,g,o,o,d, ,f,r,i,e,n,d, ,i, ,a,m,",", ,a,n,d, ,t,h,e, ,r,e,s,p,e,c,t,f,u,l, ,g,u,e,s,t, ,i, ,a,m, ,i,n, ,s,o,m,e,o,n,e,s, ,h,o,m,e, ,i,n, ,f,u,c,k,i,n,g, ,N,Y,C, ,",",w,h,i,l,e, ,n,o,t, ,p,a,y,i,n,g, ,a, ,f,u,c,k,i,n,g, ,C,E,N,T, ,o,f, ,r,e,n,t, ,f,o,r, ,m,o,n,t,h,s,.,.,.,(,a,n,y,o,n,e, ,t,h,a,t,',s, ,l,i,v,e,d, ,i,n, ,N,Y,C, ,c,a,n, ,t,e,l,l, ,y,o,u, ,i, ,h,a,d, ,t,h,e, ,h,o,m,i,e,-,h,o,o,k,u,p,),., ,a,n,d, ,g,u,e,s,s, ,w,h,a,t,?, ,i, ,f,e,l,t, ,s,o, ,c,o,m,f,o,r,t,a,b,l,e, ,a,n,d, ,s,o, ,a,t, ,h,o,m,e, ,t,h,a,t, ,i, ,s,t,a,r,t,e,d, ,b,a,n,g,i,n,g, ,t,h,e, ,r,o,o,m,m,a,t,e,s, ,g,f,., ,N,O,T, ,A,M,C,s, ,g,i,r,l,., ,f,u,c,k,i,n,g, ,n,e,v,e,r, ,E,V,E,R,., ,t,h,e, ,c,o,u,p,l,e, ,i, ,t,o,l,d, ,y,o,u, ,a,b,o,u,t,., ,t,h,e, ,g,i,r,l, ,w,a,s, ,a, ,c,u,t,e, ,b,l,o,n,d,e, ,g,i,r,l, ,t,h,a,t, ,l,i,v,e,d, ,w, ,h,e,r, ,b,o,y,f,r,i,e,n,d, ,i,n, ,t,h,e, ,a,p,a,r,t,m,e,n,t, ,a,n,d, ,a,t, ,n,i,g,h,t, ,w,h,e,n, ,i, ,w,o,u,l,d, ,b,e, ,s,l,e,e,p,i,n,g, ,o,n, ,t,h,e, ,c,o,u,c,h, ,s,h,e, ,w,o,u,l,d, ,s,i,t, ,a,n,d, ,w,a,t,c,h, ,m,o,v,i,e,s, ,w,i,t,h, ,m,e,.,.,.,t,h,e, ,w,e, ,s,t,a,r,t,e,d, ,f,u,c,k,i,n,g,., ,a,n,d, ,i,t, ,w,a,s, ,g,o,o,d,., ,r,e,a,l,l,y, ,f,u,c,k,i,n,g, ,g,o,o,d,., ,b,u,t, ,i,t, ,w,a,s, ,f,u,c,k,i,n,g, ,b,a,d,., ,f,u,c,k,",", ,i, ,s,h,o,u,l,d,n,',t, ,h,a,v,e, ,d,o,n,e, ,t,h,a,t,., ,a,n,d, ,h,e,r, ,b,f,",", ,m,y, ,r,o,o,m,m,a,t,e,",", ,w,a,s, ,a, ,*,f,u,c,k,i,n,g,*, ,c,o,o,l, ,g,u,y,., ,I,',m, ,j,u,s,t, ,a, ,p,i,e,c,e, ,o,f, ,s,h,i,t, ,o,k,?, ,o,k,., ,m,o,v,i,n,g, ,a,l,o,n,g,.,"
","
","
",S,o, ,l,e,t,s, ,r,e,c,a,p, ,w,h,a,t, ,a, ,p,i,e,c,e, ,o,f, ,s,h,i,t, ,i, ,a,l,r,e,a,d,y, ,a,m, ,(,j,u,s,t, ,f,r,o,m, ,w,h,a,t, ,y,o,u, ,n,o,w, ,*,k,n,o,w,*,),., ,I, ,j,u,s,t, ,l,e,f,t, ,a, ,b,e,a,u,t,i,f,u,l, ,w,i,f,e, ,i,n, ,D,e,n,m,a,r,k, ,w,i,t,h, ,w,h,o,m, ,m,y, ,l,i,f,e, ,w,a,s, ,p,r,e,t,t,y, ,m,u,c,h, ,p,e,r,f,e,c,t,",", ,w,h,o, ,w,a,n,t,e,d, ,t,o, ,h,a,v,e, ,k,i,d,s, ,w, ,m,e,",", ,e,v,e,n, ,c,a,u,g,h,t, ,m,e, ,s,h,o,o,t,i,n,g, ,s,m,a,c,k, ,a,n,d, ,s,t,i,l,l, ,t,r,i,e,d, ,t,o, ,w,o,r,k, ,i,t, ,o,u,t, ,w, ,m,e,., ,G,a,v,e, ,h,e,r, ,1,0, ,d,a,y, ,n,o,t,i,c,e, ,a,f,t,e,r, ,o,u,r, ,f,i,g,h,t, ,a,n,d, ,f,l,e,w, ,t,o, ,N,Y,C,., ,y,e,a,",", ,w,e, ,g,o,t, ,i,n,t,o, ,a, ,f,i,g,h,t, ,a,b,o,u,t, ,d,i,s,h,e,s, ,o,r, ,s,o,m,e, ,s,h,i,t, ,(,h,o,n,e,s,t,l,y, ,c,a,n,t, ,r,e,m,e,m,b,e,r,",", ,b,u,t, ,i,t, ,w,a,s, ,*,d,u,m,b,*,), ,a,n,d, ,i, ,b,a,s,i,c,a,l,l,y, ,s,a,i,d, ,"""",f,u,c,k, ,t,h,i,s, ,I,',m, ,o,u,t, ,i,n, ,1,0, ,d,a,y,s,"""",., ,i,n, ,m,y, ,o,p,i, ,r,a,g,e, ,a,n,d, ,d,r,u,g, ,a,d,d,l,e,d, ,b,r,a,i,n, ,i, ,j,u,s,t, ,b,o,u,g,h,t, ,t,h,e, ,t,i,c,k,e,t, ,r,i,g,h,t, ,w,h,e,n, ,t,h,e, ,f,i,g,h,t, ,s,t,a,r,t,e,d,., ,i, ,w,a,s, ,a,l,r,e,a,d,y, ,a,l,l, ,s,t,r,u,n,g, ,o,u,t, ,a,n,d, ,i, ,w,a,s, ,c,h,i,l,l,i,n,g, ,a,t, ,t,h,e, ,h,e,r,o,i,n, ,h,o,u,s,e,/,o,f,f,i,c,e, ,p,l,a,c,e, ,w,h,e,n, ,s,h,e, ,t,e,x,t,e,d, ,m,e,",", ,w,h,i,c,h, ,i,s, ,o,n,e, ,o,f, ,t,h,e, ,o,n,l,y, ,p,l,a,c,e,s, ,i, ,f,e,l,t, ,a,t, ,p,e,a,c,e, ,i,n, ,C,o,p,e,n,h,a,g,e,n, ,a,f,t,e,r, ,a, ,w,h,i,l,e, ,(,b,t,w,",", ,i,t, ,w,a,s, ,a, ,*,l,e,s,s,*, ,t,h,a,n, ,5, ,m,i,n, ,w,a,l,k, ,f,r,o,m, ,o,u,r, ,a,p,t,., ,i,f, ,i, ,l,i,t, ,a, ,s,m,o,k,e, ,w,h,e,n, ,i, ,w,a,l,k,e,d, ,o,u,t, ,t,h,e, ,d,o,o,r,",", ,i,d, ,b,e, ,a,t, ,t,h,e, ,o,f,f,i,c,e,/,h,o,u,s,e, ,b,e,f,o,r,e, ,m,y, ,s,m,o,k,e, ,w,a,s, ,d,o,n,e,.,.,.,.,j,u,n,k,i,e, ,*,p,a,r,a,d,i,s,e,*,),.,.,., ,O,n,e, ,o,f, ,m,y, ,c,l,o,s,e,s,t, ,f,r,i,e,n,d,s, ,i, ,h,a,v,e, ,e,v,e,r, ,m,e,t, ,h,a,s, ,g,i,v,e,n, ,m,e, ,t,h,e, ,e,x,t,r,e,m,e, ,c,o,u,r,t,e,s,y, ,o,f, ,l,e,t,t,i,n,g, ,m,e, ,s,t,a,y, ,a,t, ,h,i,s, ,p,l,a,c,e, ,F,O,R, ,F,R,E,E,",", ,a,n,d, ,s,o,m,e,h,o,w, ,i, ,c,a,n,t, ,a,b,s,t,a,i,n, ,f,r,o,m, ,f,u,c,k,i,n,g, ,t,h,e, ,o,n,e, ,g,i,r,l, ,i,n, ,t,h,e, ,h,o,u,s,e, ,w,h,o, ,*,i,s,n,',t, ,s,i,n,g,l,e,*,., ,w,h,e,n, ,i, ,l,e,f,t, ,m,y, ,w,i,f,e, ,t,h,e,r,e, ,w,a,s, ,n,o, ,d,e,c,i,s,i,o,n, ,t,i,m,e, ,o,r, ,g,u,i,l,t, ,p,e,r,i,o,d,., ,i, ,w,a,s, ,i,n, ,N,Y,C, ,b,a,n,g,i,n,g, ,s,m,a,c,k, ,a,n,d, ,c,o,k,e, ,a,n,d, ,k,i,c,k,i,n,g, ,o,l,d, ,s,c,h,o,o,l, ,w,i,t,h, ,o,n,e, ,o,f, ,m,y, ,b,e,s,t, ,b,o,y,s, ,i, ,w,i,l,l, ,e,v,e,r, ,k,n,o,w,., ,s,l,a,n,g,i,n, ,d,i,c,k,., ,m,e,a,n, ,w,h,i,l,e, ,m,y, ,p,o,o,r, ,w,i,f,e, ,s,t,i,l,l, ,t,h,i,n,k,s, ,I,',m, ,j,u,s,t, ,"""",h,a,v,i,n,g, ,a, ,p,h,a,s,e,"""", ,o,r, ,s,o,m,e, ,s,h,i,t, ,a,n,d, ,a,c,t,u,a,l,l,y, ,t,h,i,n,k,s, ,I,',m, ,c,o,m,i,n,g, ,b,a,c,k, ,t,o, ,D,e,n,m,a,r,k, ,(,s,p,o,i,l,e,r,=, ,i, ,n,e,v,e,r, ,d,i,d,),., ,i, ,n,e,v,e,r, ,t,o,l,d, ,h,e,r, ,i, ,w,a,s, ,c,o,m,i,n,g, ,b,a,c,k,., ,t,h,i,s, ,w,a,s, ,j,u,s,t, ,h,e,r, ,w,a,y, ,o,f, ,t,h,i,n,k,i,n,g,., ,w,h,y, ,w,o,u,l,d, ,i, ,l,e,a,v,e, ,s,u,c,h, ,a, ,p,e,r,f,e,c,t, ,l,i,f,e, ,w, ,h,e,r,?, ,I,',m, ,a, ,f,u,c,k,i,n,g, ,l,o,s,e,r, ,p,i,e,c,e, ,o,f, ,s,h,i,t,., ,t,h,a,t,',s, ,w,h,y,., ,"
","
","
",s,o, ,a,n,y,w,a,y,",", ,m,e, ,a,n,d, ,r,o,o,m,m,a,t,e,s, ,g,i,r,l, ,f,r,i,e,n,d, ,w,e,r,e, ,h,o,o,k,i,n,g, ,u,p, ,p,r,e,t,t,y, ,r,e,g,u,l,a,r, ,a,f,t,e,r, ,a, ,w,h,i,l,e,., ,b,o,y,f,r,i,e,n,d, ,w,o,r,k,e,d, ,a,t, ,a, ,b,a,r, ,a,n,d, ,d,i,d,n,',t, ,g,e,t, ,h,o,m,e, ,u,n,t,i,l, ,l,i,k,e, ,5,a,m, ,s,o, ,w,e, ,w,o,u,l,d, ,j,u,s,t, ,f,u,c,k, ,w,h,e,n,e,v,e,r, ,w,e, ,c,o,u,l,d,., ,s,o,m,e, ,n,i,g,h,t,s, ,w,h,e,n, ,A,M,C, ,w,a,s,n,',t, ,h,o,m,e, ,s,h,e, ,w,o,u,l,d, ,c,o,m,e, ,i,n,t,o, ,h,i,s, ,r,o,o,m, ,b,e,c,a,u,s,e, ,s,h,e, ,k,n,e,w, ,i,d, ,b,e, ,s,l,e,e,p,i,n,g, ,i,n, ,t,h,e,r,e, ,a,n,d, ,s,h,e,',d, ,w,a,k,e, ,m,e, ,u,p, ,t,o, ,f,u,c,k,., ,o,t,h,e,r, ,n,i,g,h,t,s, ,i,f, ,i, ,h,a,d, ,f,a,l,l,e,n, ,a,s,l,e,e,p, ,o,n, ,t,h,e, ,c,o,u,c,h, ,a,n,d, ,h,e,r, ,b,f, ,w,a,s,n,',t, ,h,o,m,e, ,y,e,t,",", ,s,h,e, ,w,o,u,l,d, ,c,o,m,e, ,w,a,k,e, ,m,e, ,u,p, ,o,n, ,t,h,e, ,c,o,u,c,h, ,a,n,d, ,w,e,',d, ,f,u,c,k,., ,w,e,l,l,",", ,t,h,e, ,n,i,g,h,t, ,o,f, ,t,h,e, ,i,n,c,i,d,e,n,t,",", ,t,h,i,s, ,g,i,r,l,s, ,l,i,t,t,l,e, ,s,i,s,t,e,r, ,h,a,p,p,e,n,e,d, ,t,o, ,b,e, ,v,i,s,i,t,i,n,g, ,h,e,r, ,f,r,o,m, ,C,T, ,a,n,d, ,t,h,e, ,t,h,r,e,e, ,o,f, ,u,s, ,w,e,n,t, ,o,u,t, ,d,r,i,n,k,i,n,g, ,b,c, ,h,e,r, ,b,f, ,w,a,s, ,a,t, ,w,o,r,k,., ,i,d, ,d,o,n,e, ,a, ,f,e,w, ,b,a,g,s,",", ,h,a,l,f, ,a, ,b,u,n, ,m,a,y,b,e,",", ,e,a,r,l,i,e,r, ,i,n, ,t,h,e, ,d,a,y, ,b,u,t, ,a,t, ,n,i,g,h,t, ,i, ,w,a,s, ,j,u,s,t, ,o,u,t, ,d,r,i,n,k,i,n,g, ,w, ,t,h,e,m,., ,w,e, ,a,l,l, ,w,e,n,t, ,h,o,m,e, ,p,r,e,t,t,y, ,e,a,r,l,y,., ,l,i,t,t,l,e, ,s,i,s,t,e,r, ,p,a,s,s,e,d, ,o,u,t,., ,i, ,t,h,o,u,g,h,t, ,r,o,o,o,m,m,a,t,e,s, ,g,f, ,h,a,d, ,p,a,s,s,e,d, ,o,u,t,",", ,s,o, ,i, ,d,i,d,n,',t, ,p,l,a,n, ,o,n, ,g,e,t,t,i,n,g, ,a,n,y, ,b,o,o,t,y, ,a,n,d, ,i, ,h,a,d, ,t,w,o, ,b,a,r,s,",", ,s,c,h,o,o,l, ,b,u,s,s,e,s,",", ,t,h,a,t, ,i, ,t,o,o,k, ,j,u,s,t, ,t,o, ,p,a,s,s, ,t,h,e, ,f,u,c,k, ,o,u,t,.,"
","
","
",I, ,w,o,k,e, ,u,p, ,i,n, ,t,h,e, ,h,o,s,p,i,t,a,l,., ,I,',m, ,p,r,e,t,t,y, ,s,u,r,e, ,i,t, ,w,a,s, ,i,n, ,B,r,o,o,k,l,y,n, ,b,u,t, ,i, ,w,a,s, ,f,u,c,k,i,n,g, ,o,u,t, ,o,f, ,i,t, ,a,n,d, ,c,o,u,l,d,n,',t, ,t,e,l,l, ,y,o,u,., ,I,t, ,w,a,s, ,o,n,e, ,o,f, ,t,h,e, ,s,c,a,r,i,e,s,t, ,e,x,p,e,r,i,e,n,c,e,s, ,o,f, ,m,y, ,l,i,f,e, ,(,i,v,e, ,h,a,d, ,2, ,m,o,r,e, ,O,D,s, ,s,i,n,c,e, ,t,h,e,n, ,b,u,t, ,t,h,e, ,f,i,r,s,t, ,o,n,e, ,i,s, ,a, ,r,e,a,l, ,s,h,o,c,k,e,r,),",", ,I, ,n,e,v,e,r, ,t,h,o,u,g,h,t, ,i,t, ,w,o,u,l,d, ,h,a,p,p,e,n, ,t,o, ,m,e,.,., ,a,n,y,w,a,y,",", ,t,h,e, ,r,o,o,m,m,a,t,e,s, ,g,i,r,l,f,r,i,e,n,d, ,i, ,w,a,s, ,b,a,n,g,i,n,g,?, ,s,h,e, ,w,o,k,e, ,u,p, ,i,n, ,t,h,e, ,n,i,g,h,t, ,b,e,f,o,r,e, ,b,f, ,g,o,t, ,o,f,f, ,w,o,r,k, ,a,n,d, ,w,a,n,t,e,d, ,s,o,m,e, ,D,., ,s,h,e, ,w,e,n,t, ,t,o, ,t,h,e, ,c,o,u,c,h,.,.,.,d,i,d,n,',t, ,s,e,e, ,m,e,., ,w,e,n,t, ,t,o, ,A,M,C,s, ,b,e,d,.,.,.,d,i,d,n,',t, ,s,e,e, ,m,e,., ,s,h,e, ,n,o,t,i,c,e,s, ,t,h,a,t, ,t,h,e, ,b,a,t,h,r,o,o,m, ,l,i,g,h,t, ,i,s, ,o,n, ,i,n, ,t,h,e, ,h,a,l,l,., ,s,h,e, ,k,n,o,c,k,s,.,.,.,n,o, ,a,n,s,w,e,r,., ,s,h,e,s, ,s,t,a,r,t,i,n,g, ,t,o, ,g,e,t, ,w,o,r,r,i,e,d, ,a,n,d, ,t,h,i,n,k,s, ,i, ,j,u,s,t, ,g,o,t, ,d,r,u,n,k, ,a,n,d, ,p,a,s,s,e,d, ,o,u,t, ,o,n, ,t,h,e, ,b,a,t,h,r,o,o,m, ,f,l,o,o,r,., ,s,h,e, ,m,a,n,a,g,e,s, ,t,o, ,g,e,t, ,t,h,e, ,d,o,o,r, ,u,n,l,o,c,k,e,d, ,a,n,d, ,w,h,e,n, ,s,h,e, ,s,e,e,s, ,m,e,.,.,.,i, ,o,b,v,i,o,u,s,l,y, ,w,a,s,n,',t, ,c,o,n,s,c,i,o,u,s, ,t,o, ,h,e,a,r, ,i,t, ,b,u,t, ,i,t,",", ,n,o, ,s,h,i,t,",", ,h,e,r, ,s,c,r,e,a,m, ,w,o,k,e, ,t,h,e, ,w,h,o,l,e, ,b,u,i,l,d,i,n,g, ,t,h,e,y, ,s,a,i,d,., ,F,r,o,m, ,w,h,a,t, ,I,',m, ,t,o,l,d,",", ,i, ,w,a,s, ,o,n, ,t,h,e, ,b,a,t,h,r,o,o,m, ,f,l,o,o,r, ,w, ,m,y, ,p,a,n,t,s, ,d,o,w,n, ,l,i,k,e, ,i, ,w,a,s, ,t,r,y,i,n,g, ,t,o, ,t,a,k,e, ,a, ,p,i,s,s, ,a,n,d, ,f,e,l,l, ,o,v,e,r,., ,B,l,u,e, ,f,a,c,e,",", ,B,l,u,e, ,h,a,n,d,s,., ,M,e,d,i,c,s, ,g,e,t, ,c,a,l,l,e,d,., ,M,e,a,n,w,h,i,l,e, ,A,M,C, ,g,e,t,s, ,h,o,m,e, ,j,u,s,t, ,b,e,f,o,r,e, ,d,a,w,n, ,a,n,d, ,r,e,a,l,i,z,e,s, ,w,h,a,t,s, ,h,a,p,p,e,n,i,n,g,., ,I, ,w,a,s, ,t,o,l,d, ,h,e, ,w,a,s, ,b,a,w,l,i,n,g, ,l,i,k,e, ,a, ,b,a,b,y, ,o,n, ,t,h,e, ,s,t,o,o,p, ,a,s, ,t,h,e, ,m,e,d,i,c,s, ,w,e,r,e, ,t,r,y,i,n,g, ,t,o, ,b,r,i,n,g, ,m,e, ,b,a,c,k,., ,i, ,c,a,n,t, ,i,m,a,g,i,n,e, ,w,h,a,t, ,h,e, ,w,a,s, ,t,h,i,n,k,i,n,g,",", ,a,f,t,e,r, ,a,l,l,",", ,h,e, ,w,a,s, ,t,h,e, ,o,n,e, ,t,h,a,t, ,t,a,u,g,h,t, ,m,e, ,h,o,w, ,t,o, ,d,o, ,t,h,e, ,s,h,i,t,",", ,g,o,t, ,m,e, ,s,t,a,r,t,e,d,",", ,t,a,u,g,h,t, ,m,e, ,h,o,w, ,t,o, ,c,o,l,d, ,c,o,p,",", ,w,a,s, ,b,a,s,i,c,a,l,l,y, ,m,y, ,"""",e,v,e,r,y,t,h,i,n,g, ,y,o,u, ,n,e,e,d, ,t,o, ,k,n,o,w, ,a,b,o,u,t, ,s,h,o,o,t,i,n,g, ,s,m,a,c,k, ,f,r,i,e,n,d,"""", ,b,u,t, ,m,o,r,e, ,t,h,a,n, ,a,n,y,t,h,i,n,g, ,h,e, ,w,a,s, ,a, ,r,e,a,l,l,y,",", ,r,e,a,l,l,y,",", ,a,n,d, ,i, ,m,e,a,n, ,*,r,e,a,l,l,y,*, ,f,u,c,k,i,n,g, ,c,l,o,s,e, ,f,r,i,e,n,d, ,t,o, ,m,e,.,.,.,a,f,t,e,r, ,e,n,o,u,g,h, ,n,a,r,c,a,n, ,t,h,e,y, ,p,u,t, ,m,e, ,i,n, ,a,n, ,a,m,b,u,l,a,n,c,e, ,a,n,d, ,A,M,C,",", ,m,y, ,b,o,y,",", ,r,o,d,e, ,w,i,t,h, ,m,e, ,t,o, ,t,h,e, ,h,o,s,p,i,t,a,l, ,a,n,d, ,h,e,l,d, ,m,y, ,h,a,n,d, ,t,h,e, ,w,h,o,l,e, ,w,a,y,., ,I, ,w,a,s,n,',t, ,c,o,n,s,c,i,o,u,s, ,a,t, ,a,n,y, ,p,o,i,n,t, ,d,u,r,i,n,g, ,t,h,e, ,a,m,b,e,r,l,a,m,p, ,r,i,d,e,., ,t,h,i,s, ,i,s, ,j,u,s,t, ,w,h,a,t, ,h,e, ,t,o,l,d, ,m,e,., ,h,e, ,h,e,l,d, ,m,y, ,h,a,n,d, ,a,s, ,i, ,p,i,s,s,e,d, ,m,y,s,e,l,f, ,i,n, ,t,h,e, ,a,m,b,u,l,a,n,c,e, ,a,n,d, ,w,e,n,t, ,f,u,l,l, ,e,x,o,r,c,i,s,t, ,i,n, ,W,D, ,a,f,t,e,r, ,a,l,l, ,t,h,a,t, ,n,a,r,c,a,n, ,b,u,t, ,s,t,i,l,l, ,t,o,o, ,m,u,c,h, ,b,e,n,z,o, ,i,n, ,m,y, ,s,y,s,t,e,m, ,t,o, ,"""",w,a,k,e, ,u,p,"""",., ,h,e, ,s,t,a,y,e,d, ,b,y, ,m,y, ,s,i,d,e, ,a,t, ,t,h,e, ,h,o,s,t,p,i,t,a,l, ,u,n,t,i,l, ,h,e, ,h,a,d, ,t,o, ,g,o, ,t,o, ,w,o,r,k, ,t,h,e, ,n,e,x,t, ,a,f,t,e,r,n,o,o,n,., ,w,h,e,n, ,i, ,g,o,t, ,r,e,l,e,a,s,e,d, ,f,r,o,m, ,t,h,e, ,h,o,s,p,i,t,a,l, ,l,a,t,e, ,t,h,e, ,n,e,x,t, ,a,f,t,e,r,n,o,o,n, ,(,i, ,w,a,s, ,*,o,u,t,*, ,f,o,r, ,l,i,k,e, ,1,2, ,h,o,u,r,s,), ,i, ,t,o,o,k, ,a, ,c,a,b, ,t,o, ,A,M,C,s, ,w,o,r,k, ,i,n, ,L,E,S,",", ,h,e, ,p,a,i,d, ,m,y, ,c,a,b, ,f,a,i,r,",", ,g,a,v,e, ,m,e, ,s,o,m,e, ,f,l,l,i,p, ,f,l,o,p,s, ,a,n,d, ,a, ,t, ,s,h,i,r,t,",",(, ,I, ,O,D,d, ,i,n, ,m,y, ,n,i,g,h,t, ,c,l,o,t,h,e,s,., ,i,t, ,w,a,s, ,s,u,m,m,e,r, ,i,n, ,N,Y,C,",", ,i, ,w,a,s, ,o,n,l,y, ,w,e,a,r,i,n,g, ,a, ,p,i,s,s,e,d, ,i,n, ,s,w,i,m,s,u,i,t,.,), ,i, ,t,h,i,n,k, ,i, ,O,D,d, ,a,r,o,u,n,d, ,3,a,m,",", ,i,t, ,w,a,s, ,d,a,w,n, ,b,e,f,o,r,e, ,i, ,w,a,s, ,i,n, ,t,h,e, ,a,m,b,u,l,a,n,c,e,.,"
","
", ,I,f, ,t,h,a,t, ,f,u,c,k,i,n,g, ,g,i,r,l, ,d,i,d,n,',t, ,d,e,c,i,d,e, ,t,o, ,g,e,t, ,o,u,t, ,o,f, ,b,e,d, ,a,n,d, ,g,e,t, ,p,r,o,p,e,r,l,y, ,f,u,c,k,e,d,",", ,I,f, ,s,h,e, ,w,o,u,l,d,a, ,j,u,s,t, ,f,e,l,l, ,a,s,l,e,e,p,",", ,i, ,w,o,u,l,d,n,',t, ,b,e, ,h,e,r,e,., ,N,o, ,o,n,e, ,w,o,u,l,d, ,h,a,v,e, ,f,o,u,l,d, ,m,e, ,u,n,t,i,l, ,A,M,C, ,w,o,u,l,d,a, ,g,o,t, ,h,o,m,e,., ,b,u,t, ,e,v,e,n, ,t,h,e,n,",", ,c,h,a,n,c,e,s, ,a,r,e, ,h,e, ,w,o,u,l,d,a, ,b,e,e,n, ,d,r,u,n,k, ,a,n,d, ,h,i,g,h, ,a,s, ,f,u,c,k, ,a,n,d, ,w,a,l,k,e,d, ,r,i,g,h,t, ,p,a,s,t, ,t,h,e, ,b,a,t,h,r,o,o,m, ,(,w,i,t,h, ,m,e, ,d,y,i,n,g, ,i,n, ,i,t,), ,a,n,d, ,j,u,s,t, ,p,a,s,s,e,d, ,o,u,t,., ,M,e, ,b,e,i,n,g, ,a, ,p,i,e,c,e, ,o,f, ,s,h,i,t, ,h,u,m,a,n, ,b,e,i,n,g, ,a,n,d, ,b,a,n,g,i,n,g, ,t,h,i,s, ,g,i,r,l, ,s,a,v,e,d, ,m,y, ,l,i,f,e, ,y,a,l,l,., ,I, ,h,a,v,e, ,n,o, ,i,d,e,a, ,w,h,e,r,e, ,t,h,e, ,m,o,r,a,l, ,i,n, ,a,l,l, ,t,h,i,s, ,s,t,o,r,y, ,i,s, ,i,n, ,t,h,e, ,s,t,o,r,y, ,b,u,t, ,t,h,e,r,e, ,h,a,s, ,t,o, ,b,e, ,o,n,e, ,i,n, ,t,h,e,r,e,., ,"
","
",A,n,d, ,A,M,C,?, ,E,v,e,n, ,t,h,o,u,g,h, ,h,e,s, ,t,h,e, ,o,n,e, ,t,h,a,t, ,t,a,u,g,h,t, ,m,e, ,t,o, ,s,h,o,o,t, ,h,e,r,o,i,n, ,a,n,d, ,c,o,l,d, ,c,o,p, ,a,n,d, ,d,o, ,t,h,e, ,s,t,u,f,f, ,t,h,a,t, ,t,h,e, ,p,e,o,p,l,e, ,o,n, ,t,h,i,s, ,s,u,b, ,k,n,o,w, ,h,o,w, ,t,o, ,d,o, ,t,h,a,t, ,y,o,u,r, ,a,v,e,r,a,g,e, ,c,i,v,i,l,i,a,n, ,d,o,e,s,n,',t, ,o,r, ,w,o,u,l,d,n,',t, ,o,r, ,c,o,u,l,d,n,',t, ,b,e,c,a,u,s,e, ,t,h,e,y,r,e, ,t,o,o, ,s,c,a,r,e,d,?, ,h,e, ,t,a,u,g,h,t, ,m,e, ,t,h,a,t,., ,h,e, ,w,a,s, ,m,y, ,i,n,t,r,o,d,u,c,t,i,o,n, ,t,o, ,n,e,e,d,l,e,s, ,a,n,d, ,h,e,r,o,i,n,., ,A,n,d, ,i, ,d,o,n,',t, ,h,o,l,d, ,i,t, ,a,g,a,i,n,s,t, ,h,i,m,., ,i, ,l,o,v,e, ,h,i,m,., ,i, ,a,l,w,a,y,s, ,w,i,l,l,",", ,I,',m, ,j,u,s,t, ,g,l,a,d, ,i, ,g,o,t, ,t,o, ,k,n,o,w, ,t,h,e, ,d,u,d,e,., ,H,e, ,d,i,e,d, ,o,f, ,a, ,h,e,r,o,i,n, ,o,v,e,r, ,d,o,s,e, ,a,b,o,u,t, ,2, ,y,e,a,r,s, ,a,g,o,.,.,., ,B,e,s,t, ,w,o,r,s,t, ,f,r,i,e,n,d, ,e,v,e,r,., ,I, ,l,o,v,e, ,h,i,m,., ,i, ,s,t,i,l,l, ,h,a,v,e, ,d,r,e,a,m,s, ,a,b,o,u,t, ,h,i,m,., ,e,v,e,n, ,t,h,o,u,g,h, ,w,e, ,w,e,r,e, ,j,u,n,k,i,e,s, ,t,o,g,e,t,h,e,r, ,h,e, ,w,a,s,n,',t, ,a, ,j,u,n,k,i,e, ,t,o, ,m,e,., ,h,e, ,w,a,s, ,a, ,b,e,s,t, ,f,r,i,e,n,d,., ,h,e, ,w,a,s, ,a, ,(,g,o,o,d,), ,h,u,m,a,n, ,b,e,i,n,g, ,w,i,t,h, ,f,a,m,i,l,y, ,a,n,d, ,e,m,o,t,i,o,n,s, ,a,n,d, ,a, ,g,i,r,l, ,t,h,a,t, ,l,o,v,e,d, ,h,i,m,., ,a,s, ,f,a,r, ,a,s, ,i, ,k,n,o,w,",", ,h,e, ,n,e,v,e,r, ,j,a,c,k,e,d, ,a,n,y,o,n,e, ,o,r, ,s,t,o,l,e, ,s,h,i,t, ,f,o,r, ,h,i,s, ,h,a,b,i,t,",", ,t,h,a,t,',s, ,m,o,r,e, ,t,h,a,n, ,i, ,c,a,n, ,s,a,y, ,f,o,r, ,9,9,%, ,o,f, ,j,u,n,k,i,e,s, ,i,v,e, ,m,e,t,., ,h,i,s, ,f,i,r,s,t, ,n,a,m,e, ,i,s, ,A,n,d,r,e,w,",", ,i,f, ,y,o,u,r,e, ,f,r,o,m, ,s,e,a,t,t,l,e, ,a,n,d, ,y,o,u,r, ,a,b,o,u,t, ,3,0, ,y,e,a,r,s, ,o,l,d,",", ,t,h,e,r,e,s, ,a, ,g,o,o,d, ,c,h,a,n,c,e, ,y,o,u, ,k,n,o,w, ,w,h,o, ,h,e, ,i,s,.,.,.,w,a,s,.,.,.,"
","
",i, ,k,n,o,w, ,m,y, ,g,r,a,m,m,a,r, ,i,s,n,',t, ,p,r,o,p,e,r, ,a,n,d, ,a,l,l, ,t,h,a,t, ,s,h,i,t,., ,b,u,t, ,i, ,c,a,n,t, ,b,e, ,b,o,t,h,e,r,e,d, ,t,o, ,f,i,x, ,i,t, ,r,i,g,h,t, ,n,o,w,., ,i, ,j,u,s,t, ,d,i,d, ,a, ,b,u,n,c,h, ,o,f, ,a,m,p,s, ,a,n,d, ,r,e,a,l,l,y, ,f,e,l,t, ,l,i,k,e, ,t,y,p,i,n,g, ,t,h,i,s, ,s,t,o,r,y, ,o,u,t, ,i,n, ,f,u,l,l, ,b,e,c,a,u,s,e, ,i, ,d,o,n,',t, ,t,h,i,n,k, ,i, ,e,v,e,r, ,h,a,v,e,., ,i, ,k,n,o,w, ,t,h,e,r,e,s, ,s,o,m,e, ,k,i,d, ,o,f, ,l,e,s,s,o,n, ,i,n, ,h,e,r,e, ,f,o,r, ,e,v,e,r,y,o,n,e, ,b,u,t, ,i, ,c,a,n,t, ,f,i,g,u,r,e, ,i,t, ,o,u,t,",", ,o,r, ,f,i,g,u,r,e, ,o,u,t, ,t,h,e, ,r,i,g,h,t, ,w,a,y, ,t,o, ,s,a,y, ,i,t,., ,i,t, ,w,a,s, ,t,h,e,r,a,p,e,u,t,i,c, ,w,r,i,t,i,n,g, ,t,h,i,s,., ,t,h,a,n,k,s, ,t,o, ,a,n,y,o,n,e, ,t,h,a,t, ,a,c,t,u,a,l,l,y, ,r,e,a,d, ,t,h,e, ,w,h,o,l,e, ,t,h,i,n,g,., ,i,f, ,y,a,l,l, ,h,a,v,e, ,a,n,y, ,q,u,e,s,t,i,o,n,s, ,a,b,o,u,t, ,s,h,o,o,t,i,n,g, ,s,m,a,c,k, ,i,n, ,D,e,n,m,a,r,k, ,o,r, ,S,o,u,t,h, ,e,a,s,t, ,a,s,i,a, ,o,r,.,.,a,n,y,t,h,i,n,g, ,l,e,t, ,m,e, ,k,n,o,w,., ,i, ,d,i,d,n,',t, ,j,u,s,t, ,m,a,k,e, ,a,l,l, ,t,h,i,s, ,s,h,i,t, ,u,p,., ,"
","
","
",T,L,;,D,R, ,r,e,a,s,o,n, ,i, ,g,o,t, ,s,a,v,e,d, ,f,r,o,m, ,d,y,i,n,g, ,o,f, ,O,D, ,w,a,s, ,b,e,c,a,u,s,e, ,m,y, ,r,o,o,m,m,a,t,e,s, ,g,f, ,(,w,h,o, ,i, ,w,a,s, ,b,a,n,g,i,n,g,), ,w,o,k,e, ,u,p, ,a,n,d, ,w,a,n,t,e,d, ,t,o, ,f,u,c,k, ,s,o, ,s,h,e, ,c,a,m,e, ,l,o,o,k,i,n,g, ,f,o,r, ,m,e, ,a,n,d, ,f,o,u,n,d, ,m,e, ,i,n, ,t,h,e, ,b,a,t,h,r,o,o,m,., ,b,l,u,e, ,f,a,c,e,., ,b,l,u,e, ,h,a,n,d,s,., ,n,o, ,B,u,e,n,o,., ,"
","
",T,L,D,R,:,T,L,D,R, ,I,',m, ,a, ,f,u,c,k,i,n,g, ,p,i,e,c,e, ,o,f, ,s,h,i,t,., ,c,a,r,r,y, ,o,n, ,"
","
","
","
","
",e,d,i,t,:, ,n,o, ,o,n,e,s, ,r,e,a,l,l,y, ,a,s,k,e,d, ,m,e, ,a,b,o,u,t, ,t,h,i,s, ,y,e,t,",", ,b,u,t, ,t,h,e, ,d,o,p,e, ,s,c,e,n,e, ,i,n, ,D,K, ,i,s, ,w,h,e,r,e, ,t,h,e, ,f,u,c,k, ,i,t,s, ,a,t,., ,O,p,e,n, ,a,i,r, ,m,a,r,k,e,t, ,t,h,a,t, ,s,e,l,l,s, ,c,o,k,e, ,a,n,d, ,d,o,p,e, ,t,h,a,t, ,a,l,s,o, ,h,a,s, ,f,r,e,e, ,r,i,g,s, ,a,n,d, ,w,o,r,k,s, ,i,n,s,i,d,e,., ,H,e,r,o,i,n, ,"""",o,f,f,i,c,e,s,/,h,o,u,s,e,s,"""", ,w,h,e,r,e, ,y,o,u, ,c,o,u,l,d, ,b,u,y, ,d,o,p,e, ,a,n,d, ,u,s,e, ,i,t, ,a,n,d, ,c,h,i,l,l, ,a,s, ,l,o,n,g, ,a,s, ,t,h,e,y, ,w,e,r,e, ,o,p,e,n, ,9,-,6, ,(,j,u,s,t, ,l,i,k,e, ,a, ,r,e,g,u,l,a,r, ,b,u,s,i,n,e,s,s,),., ,i,v,e, ,d,o,n,e, ,d,o,p,e, ,o,n, ,5, ,c,o,n,t,i,n,e,n,t,s, ,a,n,d, ,m,o,r,e, ,c,o,u,n,t,r,i,e,s, ,t,h,a,n, ,i, ,c,a,n, ,r,e,m,e,m,b,e,r,",", ,b,u,t, ,D,K, ,w,a,s, ,t,h,e, ,*,b,e,s,t,*,., ,4, ,y,e,a,r,s, ,l,a,t,e,r, ,a,n,d, ,i, ,*,s,t,i,l,l,*, ,h,a,v,e, ,d,r,e,a,m,s, ,a,b,o,u,t, ,c,o,p,p,i,n,g, ,i,n, ,C,o,p,e,n,h,a,g,e,n,., ,N,o,t, ,o,n,l,y, ,f,o,r, ,t,h,e, ,h,e,r,o,i,n, ,a,n,d, ,c,o,k,e,",", ,b,u,t, ,h,a,s,h, ,w,a,s, ,s,o,l,d, ,o,p,e,n,l,y, ,a,t, ,p,r,e,t,t,y, ,m,u,c,h, ,e,v,e,r,y, ,p,a,r,k,., ,a,n,d, ,i,f, ,y,o,u, ,d,i,d,n,',t, ,w,a,n,t, ,h,a,s,h, ,y,o,u, ,c,o,u,l,d, ,g,o, ,t,o, ,C,h,r,i,s,t,i,a,n,i,a, ,a,n,d, ,b,u,y, ,a,l,l, ,t,h,e, ,w,e,e,d, ,y,o,u, ,w,a,n,t,e,d,.,.,.,j,u,s,t, ,l,i,k,e, ,A,m,s,t,e,r,d,a,m,.,.,.,b,u,t, ,b,e,t,t,e,r, ,(,i,n, ,m,y, ,h,u,m,b,l,e, ,o,p,i,n,i,o,n,),"
","
","
","
","
","
","
","
"
1
A,b,o,u,t, ,2, ,h,o,u,r,s, ,a,f,t,e,r, ,t,a,k,i,n,g, ,i,t, ,i, ,h,a,v,e, ,a,n, ,u,n,c,o,n,t,r,o,l,l,a,b,l,e, ,n,e,e,d, ,t,o, ,g,o, ,t,o, ,s,l,e,e,p,., ,I,',m, ,n,o,t, ,t,a,l,k,i,n,g, ,a,b,o,u,t, ,n,o,d,d,i,n,g, ,o,u,t,",", ,i,t,',s, ,m,o,r,e, ,o,f, ,a,n, ,n,e,e,d, ,t,o, ,p,e,a,c,e,f,u,l,l,y, ,t,a,k,e, ,a, ,n,a,p,.,"
","
",I, ,k,n,o,w, ,t,h,a,t, ,O,T,C, ,s,l,e,e,p, ,a,i,d,s, ,a,r,e, ,u,s,e,d, ,f,o,r, ,a, ,c,u,t,",", ,b,u,t, ,I, ,d,o,n,',t, ,t,h,i,n,k, ,t,h,i,s, ,i,s, ,w,h,a,t, ,h,e, ,i,s, ,u,s,i,n,g,., ,I, ,t,a,k,e, ,5, ,b,e,n,a,d,r,y,l, ,e,v,e,r,y, ,n,i,g,h,t, ,b,e,c,a,u,s,e, ,o,f, ,a, ,h,u,g,e, ,i,n,s,o,m,n,i,a, ,i,s,s,u,e, ,t,h,a,t, ,I,',v,e, ,h,a,d, ,a,s, ,a, ,k,i,d,., ,S,o,",", ,I, ,k,n,o,w, ,w,h,a,t, ,t,h,e, ,e,f,f,e,c,t,s, ,a,r,e, ,o,f, ,t,h,e,s,e, ,t,y,p,e,s, ,o,f, ,i,t,e,m,s,., ,B,e,c,a,u,s,e, ,o,f, ,m,y, ,i,n,s,o,m,n,i,a,",", ,I,',v,e, ,u,s,e,d, ,n,e,a,r,l,y, ,e,v,e,r,y, ,p,r,e,s,c,r,i,p,t,i,o,n, ,s,l,e,e,p, ,a,i,d, ,a,n,d, ,n,o,t,h,i,n,g, ,i,s, ,l,i,k,e, ,t,h,i,s,.,"
","
",I,',v,e, ,u,s,e,d, ,t,h,i,s, ,g,u,y, ,b,e,f,o,r,e, ,a,n,d, ,o,n,l,y, ,t,h,e, ,l,a,s,t, ,2, ,p,i,c,k,u,p,s, ,h,a,v,e, ,c,a,u,s,e,d, ,t,h,i,s, ,s,i,d,e, ,e,f,f,e,c,t,., ,S,o,",", ,I, ,k,n,o,w, ,t,h,a,t, ,i,t,',s, ,s,o,m,e,t,h,i,n,g, ,n,e,w, ,t,h,a,t, ,h,e, ,h,a,s, ,b,e,e,n, ,u,s,i,n,g,., ,A,n,d, ,b,e,f,o,r,e, ,s,o,m,e,o,n,e, ,s,a,y,s, ,i,t,.,.,.,.,.,I, ,k,n,o,w, ,t,h,a,t, ,i,t,',s, ,n,o,t, ,f,e,n,t,., ,E,v,e,n, ,i,f, ,I, ,t,a,k,e, ,a, ,s,m,a,l,l, ,b,u,m,p,.,.,.,.,I,',m, ,s,l,e,e,p,i,n,g, ,i,n, ,2, ,h,o,u,r,s,.,"
","
",W,h,e,n, ,I, ,w,a,k,e, ,u,p,",", ,i,t,',s, ,t,h,e, ,m,o,s,t, ,r,e,s,t,e,d, ,f,e,e,l,i,n,g, ,t,h,a,t, ,I,',v,e, ,h,a,d, ,i,n, ,a, ,v,e,r,y, ,l,o,n,g, ,t,i,m,e,., ,W,h,a,t, ,r,e,a,l,l,y, ,s,u,c,k,s, ,i,s, ,t,h,a,t, ,I, ,c,a,n,',t, ,t,a,k,e, ,a, ,f,u,l,l, ,d,o,s,e, ,b,e,c,a,u,s,e, ,I,',l,l, ,h,a,v,e, ,t,o, ,g,o, ,t,a,k,e, ,a, ,4, ,h,o,u,r, ,n,a,p, ,f,r,o,m, ,i,t,.,"
","
",H,a,s, ,a,n,y,o,n,e, ,e,l,s,e, ,h,a,d, ,t,h,i,s, ,t,y,p,e, ,o,f, ,s,i,t,u,a,t,i,o,n,?
1

1
A,n,y,t,h,i,n,g, ,I, ,c,a,n, ,d,o, ,t,o, ,g,e,t, ,i,t, ,o,u,t, ,o,f, ,m,y, ,s,y,s,t,e,m, ,f,a,s,t,e,r,?, ,I,t,',s, ,S,u,n,d,a,y,., ,U,s,e,d, ,t,o,d,a,y,., ,(,6,0, ,m,g, ,o,x,y,), ,o,n,e, ,t,i,m,e, ,u,s,e,., ,T,e,s,t, ,m,a,y, ,b,e, ,o,n, ,W,e,d,n,e,s,d,a,y, ,e,v,e,n,i,n,g,., ,"
",S,h,o,u,l,d, ,I, ,e,v,e,n, ,b,e, ,w,o,r,r,i,e,d,?, ,"
",I, ,k,n,o,w, ,s,t,a,n,d,a,r,d, ,i,s, ,3,-,4, ,d,a,y,s,., ,T,h,i,s, ,w,i,l,l, ,l,a,n,d, ,o,n, ,t,h,e, ,4,t,h, ,d,a,y,., 
1

1

1

1
A,l,l, ,I,',v,e, ,s,e,e,n, ,a,r,o,u,n,d, ,h,e,r,e, ,a,r,e, ,b,u,n,k, ,o,n,e,s, ,m,a,d,e, ,w,i,t,h, ,a, ,p,r,e,s,s, ,t,h,a,t, ,I, ,a,s,s,u,m,e, ,p,e,o,p,l,e, ,b,u,y, ,o,n,l,i,n,e,., ,J,u,s,t, ,w,a,n,t, ,t,o, ,g,i,v,e, ,y,a,l,l, ,a, ,h,e,a,d,s, ,u,p,., ,I, ,c,a,n,',t, ,f,i,n,d, ,a,n,y,t,h,i,n,g, ,r,e,l,i,a,b,l,e, ,o,u,t, ,h,e,r,e,., 
1
A,l,l, ,p,a,r,t, ,o,f, ,t,h,e, ,g,a,m,e, ,I, ,k,n,o,w,., ,B,u,t, ,I, ,h,a,v,e, ,2, ,D,N,M, ,o,r,d,e,r,s, ,f,o,r, ,m,o,r,e, ,t,h,a,n, ,5,g,',s, ,o,f, ,B,T,H, ,&,a,m,p,;, ,E,C,P,., ,I, ,p,a,i,d, ,o,v,e,r,n,i,g,h,t, ,f,o,r, ,b,o,t,h, ,a,n,d, ,b,o,t,h, ,a,r,e, ,4, ,p,l,u,s, ,d,a,y,s, ,l,a,t,e, ,a,n,d, ,m,i,n,i,m,a,l, ,c,o,m,m,u,n,i,c,a,t,i,o,n, ,f,r,o,m, ,e,i,t,h,e,r, ,v,e,n,d,o,r,.,"
","
",T,h,a,n,k,f,u,l,l,y, ,I,',m, ,n,o,t, ,s,i,c,k,",", ,j,u,s,t, ,s,p,e,n,d,i,n,g, ,w,a,y, ,m,o,r,e, ,$,$,$, ,t,h,a,n, ,I,',d, ,l,i,k,e, ,t,o, ,o,n, ,b,l,u,e,s,.,.,.,"
","
",A,n,d, ,t,h,e, ,m,o,s,t, ,f,r,u,s,t,r,a,t,i,n,g, ,p,a,r,t, ,i,s, ,I, ,c,a,n, ,l,i,t,e,r,a,l,l,y, ,g,e,t, ,a,n,y, ,d,r,u,g, ,f,r,o,m, ,m,y, ,g,u,y,., ,B,u,t, ,d,o,p,e, ,i,s, ,o,f,f, ,t,h,e, ,t,a,b,l,e, ,a,n,d, ,I,',d, ,s,a,y, ,t,h,e, ,c,r,o,w,d, ,I, ,w,o,r,k, ,a,n,d, ,t,y,p,i,c,a,l,l,y, ,h,a,n,g, ,o,u,t, ,w,i,t,h, ,e,t,c,.,.,., ,a,r,e, ,m,o,s,t, ,d,e,f,i,n,i,t,e,l,y, ,n,o,t, ,o,p,e,n, ,m,i,n,d,e,d, ,e,n,o,u,g,h, ,t,o, ,e,v,e,n, ,t,a,l,k, ,a,b,o,u,t, ,d,o,p,e,., ,T,r,i,e,d, ,a,s,k,i,n,g, ,m,y, ,d,e,a,l,e,r, ,t,o,o, ,a,n,d, ,h,e, ,a,c,t,e,d, ,l,i,k,e, ,I, ,s,a,i,d, ,"""",B,o,m,b,"""", ,o,n, ,a,n, ,a,i,r,p,l,a,n,e,",", ,y,e,t, ,h,e, ,s,e,l,l,s, ,o,x,y, ,a,n,d, ,a,l,m,o,s,t, ,d,e,f, ,f,e,n,t, ,t,o,o,.,"
","
",A,l,l, ,a,r,o,u,n,d, ,t,h,e, ,s,t,i,g,m,a, ,i,s, ,s,t,i,l,l, ,s,o, ,p,e,r,v,a,s,i,v,e,., ,Y,e,t, ,m,o,s,t, ,a,r,e, ,o,k, ,w,i,t,h, ,p,o,p,p,i,n,g, ,a, ,f,e,w, ,o,x,y,',s, ,o,n, ,a, ,S,a,t, ,n,i,g,h,t, ,o,u,t,.,.,.,g,o, ,f,i,g,u,r,e,., ,H,o,p,e,f,u,l,l,y, ,I,',l,l, ,e,v,e,n,t,u,a,l,l,y, ,m,a,k,e, ,t,h,e, ,r,i,g,h,t, ,c,o,n,n,e,c,t,i,o,n, ,b,u,t, ,t,h,i,s, ,s,h,i,t, ,s,u,r,e, ,d,o,e,s, ,g,e,t, ,f,r,u,s,t,r,a,t,i,n,g, ,w,h,e,n, ,p,e,o,p,l,e, ,a,c,t, ,l,i,k,e, ,d,o,p,e, ,i,s, ,j,u,s,t, ,w,a,y, ,o,v,e,r, ,t,h,e, ,l,i,n,e,.
1
O,K, ,s,o, ,I, ,h,a,v,e, ,t,h,i,s, ,a,w,e,s,o,m,e, ,i,d,e,a, ,o,f, ,d,o,i,n,g, ,m,y, ,s,e,l,f, ,a, ,h,u,u,u,u,u,g,e, ,f,a,v,o,r, ,f,o,r, ,t,h,e, ,f,u,t,u,r,e,., ,Y,o,u, ,s,e,e,",", ,I, ,t,r,a,v,e,l, ,*,a, ,l,o,t,*, ,f,o,r, ,w,o,r,k, ,a,n,d, ,i, ,a,m, ,e,i,t,h,e,r, ,o,u,t, ,o,f, ,t,h,e, ,c,o,u,n,t,r,y, ,o,r, ,j,u,s,t, ,i,n, ,a, ,f,a,r, ,a,w,a,y, ,p,l,a,c,e, ,w,h,e,r,e, ,i,l,l, ,b,e, ,d,r,y, ,a,n,d, ,h,a,v,e, ,n,o, ,a,c,c,e,s,s, ,o,r, ,v,e,r,y, ,l,i,t,t,l,e, ,a,c,c,e,s,s, ,t,o, ,d,r,u,g,s, ,w,h,i,l,e, ,i,m, ,t,h,e,r,e,., ,I,',m, ,a, ,d,i,v,e, ,i,n,s,t,r,u,c,t,o,r, ,w,h,e,n, ,t,h,e, ,s,e,a,s,o,n, ,i,s, ,r,i,g,h,t, ,a,n,d, ,u,s,u,a,l,l,y, ,w,o,r,k, ,i,n, ,b,a,r,s, ,o,r, ,w,h,a,t,e,v,e,r, ,w,h,e,n, ,i,t,s, ,n,o,t, ,t,h,e, ,r,i,g,h,t, ,t,i,m,e, ,o,f, ,y,e,a,r,., ,S,o, ,a,t, ,t,h,e, ,e,n,d, ,o,f, ,e,v,e,r,y, ,d,i,v,e, ,s,e,a,s,o,n, ,I, ,u,s,u,a,l,l,y, ,c,o,m,e, ,b,a,c,k, ,t,o, ,m,y, ,m,o,m,s, ,h,o,u,s,e, ,o,u,t, ,h,e,r,e, ,i,n, ,t,h,e, ,m,i,d,d,l,e, ,o,f, ,f,u,c,k,i,n, ,n,o,w,h,e,r,e,., ,I, ,d,i,d,n,',t, ,g,r,o,w, ,u,p, ,h,e,r,e, ,s,o, ,I, ,d,o,n,',t, ,h,a,v,e, ,a,l,o,t, ,f,r,i,e,n,d,s, ,o,r, ,c,o,n,n,e,c,t,s, ,t,h,a,t, ,i, ,c,a,n, ,e,a,s,i,l,y, ,j,u,s,t, ,p,i,c,k, ,s,t,u,f,f, ,u,p, ,f,r,o,m,., ,W,h,e,n, ,I,',m, ,o,u,t, ,h,e,r,e, ,a,t, ,m,y, ,m,o,m,s,",", ,g,e,t,t,i,n,g, ,h,i,g,h, ,i,s, ,a, ,f,u,c,k,i,n, ,*,m,i,s,s,i,o,n,*,.,"
","
",I, ,j,u,s,t, ,g,o,t, ,b,a,c,k, ,f,r,o,m, ,a,n, ,8, ,m,o,n,t,h, ,t,r,i,p, ,i,n, ,A,u,s,t,r,a,l,i,a, ,a,n,d, ,b,e,f,o,r,e, ,I, ,l,e,f,t, ,f,o,r, ,A,u,s,t,r,a,l,i,a, ,i, ,h,i,d, ,a, ,c,o,u,p,l,e, ,n,u,g,s, ,o,f, ,w,e,e,d, ,h,e,r,e, ,f,o,r, ,m,y,s,e,l,f, ,w,h,e,n, ,I, ,g,o,t, ,b,a,c,k, ,f,r,o,m, ,O,Z,., ,I, ,k,n,o,w, ,t,h,e, ,t,r,e,e,s, ,w,e,r,e,n,',t, ,a,s, ,f,r,e,s,h, ,a,f,t,e,r, ,8, ,m,o,n,t,h,s,",", ,b,u,t, ,j,u,s,t, ,t,h,e, ,f,e,e,l,i,n,g, ,o,f, ,k,n,o,w,i,n,g, ,t,h,a,t, ,w,h,e,n, ,I, ,f,i,n,a,l,l,y, ,m,a,d,e, ,i,t, ,b,a,c,k, ,t,o, ,t,h,e, ,l,i,t,e,r,a,l, ,o,t,h,e,r, ,s,i,d,e, ,o,f, ,t,h,e, ,p,l,a,n,e,t, ,I, ,w,o,u,l,d, ,h,a,v,e, ,s,o,m,e, ,b,u,d, ,(,o,l,d, ,o,r, ,n,o,), ,t,o, ,s,m,o,k,e, ,o,n, ,r,i,g,h,t, ,w,h,e,n, ,I, ,s,h,o,w,e,d, ,u,p, ,w,a,s, ,s,o, ,e,x,c,i,t,i,n,g,., ,"
","
",I, ,j,u,s,t, ,r,e,c,e,n,t,l,y, ,s,i,g,n,e,d, ,a, ,2, ,y,e,a,r, ,c,o,n,t,r,a,c,t, ,t,o, ,w,o,r,k, ,o,n, ,a, ,y,a,c,h,t, ,(,n,o,t, ,l,i,k,e, ,J,a,y,-,Z, ,k,i,n,d,a, ,y,a,c,h,t,",", ,j,u,s,t, ,a, ,b,o,a,t, ,t,h,a,t, ,c,u,s,t,o,m,e,r,s, ,l,i,v,e, ,o,n, ,a,n,d, ,w,e, ,d,r,i,v,e, ,e,m, ,a,r,o,u,n,d, ,f,o,r, ,a, ,w,e,e,k, ,a,n,d, ,t,a,k,e, ,t,h,e,m, ,d,i,v,i,n,g,",", ,d,r,o,p, ,t,h,e,m, ,o,f,f, ,a,n,d, ,p,i,c,k, ,u,p, ,t,h,e, ,n,e,x,t, ,w,e,e,k,s, ,c,u,s,t,o,m,e,r,s,),., ,T,h,e, ,p,l,a,c,e, ,t,h,a,t, ,i,l,l, ,b,e, ,w,o,r,k,i,n,g, ,i,s, ,a,b,o,u,t, ,a,s, ,i,n, ,t,h,e, ,m,i,d,d,l,e, ,o,f, ,n,o,w,h,e,r,e, ,a,s, ,y,o,u, ,c,a,n, ,g,e,t, ,i,n, ,t,h,e, ,p,a,c,i,f,i,c, ,o,c,e,a,n, ,a,n,d, ,o,n,c,e, ,I, ,l,e,a,v,e, ,f,o,r, ,t,h,a,t, ,j,o,b, ,t,h,e,r,e,',s, ,a, ,g,o,o,d, ,c,h,a,n,c,e, ,I, ,m,i,g,h,t, ,n,o,t, ,m,a,k,e, ,i,t, ,b,a,c,k, ,t,o, ,A,m,e,r,i,c,a, ,f,o,r, ,t,w,o, ,y,e,a,r,s,., ,"
","
",S,o,",", ,I,',v,e, ,d,e,c,i,d,e,d, ,I,',m, ,g,o,i,n,g, ,t,o, ,g,i,v,e, ,m,y,s,e,l,f, ,a, ,p,r,e,s,e,n,t, ,f,o,r, ,f,u,t,u,r,e,., ,I,n,s,t,e,a,d, ,o,f, ,j,u,s,t, ,l,e,a,v,i,n,g, ,m,y,s,e,l,f, ,a, ,l,i,t,t,l,e, ,w,e,e,d,",", ,i,v,e, ,s,t,a,r,t,e,d, ,a, ,l,i,t,t,l,e, ,s,t,o,c,k, ,p,i,l,e, ,o,f, ,g,o,o,d,i,e,s, ,t,o, ,p,l,a,y, ,w,i,t,h, ,t,h,a,t, ,w,i,l,l, ,b,e, ,h,e,r,e, ,w,a,i,t,i,n,g, ,f,o,r, ,m,e, ,o,n,c,e, ,I, ,g,e,t, ,b,a,c,k,",", ,w,h,e,t,h,e,r, ,i,t,s, ,i,n, ,2, ,y,e,a,r,s, ,o,r, ,j,u,s,t, ,8, ,m,o,n,t,h,s,., ,S,o, ,f,a,r, ,i,v,e, ,s,e,t, ,a,s,i,d,e, ,2, ,b,a,r,s,",", ,2, ,3,0, ,m,g, ,I,R, ,a,d,d,y,s,",", ,a,n,d, ,s,o,m,e, ,w,e,e,d, ,(,i,l,l, ,m,o,s,t, ,l,i,k,e,l,y, ,s,m,o,k,e, ,t,h,e, ,w,e,e,d, ,a,n,d, ,r,e,p,l,a,c,e, ,i,t, ,w, ,f,r,e,s,h,e,r, ,s,t,u,f,f, ,b,e,f,o,r,e, ,I, ,l,e,a,v,e,",", ,b,u,t, ,I, ,a,m, ,N,O,T, ,t,o,u,c,h,i,n,g, ,t,h,e, ,p,i,l,l,s,),., ,I, ,p,l,a,n, ,t,o, ,a,d,d, ,a,t, ,l,e,a,s,t, ,o,n,e, ,s,u,b,o,x,o,n,e, ,s,t,r,i,p, ,(,w,i,t,h, ,n,o, ,t,o,l,e,r,a,n,c,e,",", ,t,h,o,s,e, ,w,i,l,l, ,*,f,u,c,k,*, ,m,e, ,*,u,p,*,",", ,e,s,p, ,w, ,s,o,m,e, ,x,a,n,a,x, ,a,f,t,e,r, ,n,o,t, ,t,o,u,c,h,i,n,g, ,t,h,e, ,s,h,i,t, ,f,o,r, ,a, ,c,o,u,p,l,e, ,y,e,a,r,s,),",", ,m,a,y,b,e, ,a, ,r,o,x,y, ,o,r, ,t,w,o,",", ,m,o,r,e, ,x,a,n,a,x, ,w,h,e,n, ,I, ,g,e,t, ,a, ,b,e,t,t,e,r, ,c,o,n,n,e,c,t,",", ,a,n,d, ,l,a,s,t, ,b,u,t, ,n,o,t, ,l,e,a,s,t, ,.,.,.,S,P,E,E,D,B,A,L,L, ,W,O,R,K,S,!, ,T,h,e, ,g,o,l,d,e,n, ,s,t,a,n,d,a,r,d, ,(,t,o, ,m,e,), ,o,f, ,t,h,e, ,b,e,s,t, ,f,e,e,l,i,n,g, ,h,i,g,h, ,i,n, ,t,h,e, ,w,o,r,l,d,., ,I, ,k,n,o,w, ,w,h,a,t, ,I, ,h,a,v,e, ,s,a,v,e,d, ,n,o,w, ,i,s,n,',t, ,m,u,c,h, ,a,t, ,a,l,l, ,b,u,t, ,i, ,h,a,v,e, ,a, ,c,o,u,p,l,e, ,m,o,n,t,h,s, ,b,e,f,o,r,e, ,I, ,l,e,a,v,e, ,a,n,d, ,I, ,w,a,n,t, ,t,o, ,a,d,d, ,t,o, ,i,t,., ,A,L,O,T,., ,"
","
",I,v,e, ,r,e,a,d, ,h,o,w, ,p,i,l,l,s, ,w,o,n,t, ,r,e,a,l,l,y, ,e,x,p,i,r,e, ,i,f, ,t,h,e,i,r, ,k,e,p,t, ,i,n, ,a, ,c,o,o,l, ,d,r,y, ,p,l,a,c,e,",", ,b,u,t, ,i,f, ,I, ,h,a,d, ,t,h,e, ,w,i,l,l, ,a,n,d, ,e,n,o,u,g,h, ,s,e,l,f, ,c,o,n,t,r,o,l, ,t,o, ,s,a,v,e, ,m,y,s,e,l,f, ,a, ,l,i,t,t,l,e, ,d,o,p,e, ,a,n,d, ,c,o,k,e, ,t,o, ,p,u,t, ,i,n, ,m,y, ,"""",w,e,l,c,o,m,e, ,h,o,m,e, ,s,t,a,s,h,"""", ,y,o,u, ,t,h,i,n,k, ,i,t, ,w,o,u,l,d, ,s,t,i,l,l, ,e,v,e,n, ,b,e, ,g,o,o,d, ,a,f,t,e,r, ,2, ,y,e,a,r,s,?, ,W,o,u,l,d, ,i,t, ,l,o,s,e, ,p,o,t,e,n,c,y,?, ,"
","
",I, ,h,a,v,e,n,',t, ,s,h,o,t, ,s,m,a,c,k, ,i,n, ,m,o,r,e, ,t,h,a,n, ,a, ,m,o,n,t,h, ,n,o,w, ,(,.,.,.,y,a,y,.,.,), ,a,n,d, ,I, ,k,i,i,i,i,i,n,d,a, ,s,o,r,t,a, ,h,a,v,e, ,a,c,c,e,s,s, ,t,o, ,i,t, ,r,i,g,h,t, ,n,o,w, ,(,s,u,r,p,r,i,s,i,n,g,l,y,",", ,f,o,r, ,m,y, ,l,o,c,a,t,i,o,n,), ,a,n,d, ,i, ,t,h,i,n,k, ,I, ,m,a,y, ,a,c,t,u,a,l,l,y, ,h,a,v,e, ,e,n,o,u,g,h, ,s,e,l,f, ,c,o,n,t,r,o,l, ,r,i,g,h,t, ,n,o,w, ,t,o, ,g,o, ,g,e,t, ,a, ,c,o,u,p,l,e, ,p,o,i,n,t,s, ,a,n,d, ,p,u,t, ,i,t, ,i,n, ,m,y, ,"""",w,e,l,c,o,m,e, ,h,o,m,e,"""", ,b,a,g, ,a,l,o,n,g, ,w, ,s,o,m,e, ,c,o,k,e, ,a,n,d, ,a, ,c,o,u,p,l,e, ,r,i,g,s, ,a,n,d, ,j,u,s,t, ,l,e,a,v,e, ,i,t, ,a,s, ,a, ,g,i,f,t, ,f,o,r, ,m,y, ,f,u,t,u,r,e, ,s,e,l,f,., ,"
","
",I,m, ,n,o,t, ,a,n, ,i,d,i,o,t, ,(,w,e,l,l,",", ,k,i,n,d,a, ,b,u,t, ,w,h,a,t,e,v,e,r,), ,a,n,d, ,I, ,k,n,o,w, ,a,f,t,e,r, ,b,e,e,n, ,c,l,e,a,n, ,f,o,r, ,a, ,y,e,a,r, ,o,r, ,t,w,o, ,y,o,u, ,c,a,n,',t, ,j,u,s,t, ,g,o, ,b,a,c,k, ,t,o, ,t,h,e, ,s,a,m,e, ,a,m,o,u,n,t, ,y,o,u, ,w,e,r,e, ,d,o,i,n,g, ,b,e,f,o,r,e, ,y,o,u, ,q,u,i,t,., ,A,n,d, ,i,t,s, ,n,o,t, ,l,i,k,e, ,o,n,c,e, ,I, ,g,e,t, ,t,o, ,m,y, ,m,o,m,s, ,I, ,w,a,n,t, ,t,o, ,j,u,s,t, ,i,m,m,e,d,i,a,t,e,l,y, ,g,e,t, ,s,t,r,u,n,g, ,o,u,t, ,a,g,a,i,n,., ,A,l,t,h,o,u,g,h, ,I, ,l,o,v,e, ,m,y, ,m,o,m, ,a,n,d, ,I, ,l,o,v,e, ,s,p,e,n,d,i,n,g, ,t,i,m,e, ,w,i,t,h, ,h,e,r,",", ,e,v,e,r,y, ,t,i,m,e, ,I, ,m,a,k,e, ,i,t, ,b,a,c,k, ,t,o, ,h,e,r, ,h,o,u,s,e, ,a,f,t,e,r, ,a, ,l,o,n,g, ,t,r,i,p, ,I,m, ,a,l,w,a,y,s, ,k,i,n,d,a, ,b,u,m,m,e,d,., ,I,v,e, ,j,u,s,t, ,b,e,e,n, ,i,n, ,a,n, ,e,x,o,t,i,c, ,p,l,a,c,e, ,s,c,u,b,a, ,d,i,v,i,n,g, ,a,n,d, ,g,e,t,t,i,n,g, ,t,a,n, ,a,n,d, ,h,a,v,i,n,g, ,s,e,x, ,w,i,t,h, ,g,i,r,l,s, ,w,i,t,h, ,f,o,r,e,i,g,n, ,a,c,c,e,n,t,s, ,(,I, ,d,o,n,t, ,k,n,o,w, ,w,h,y, ,t,h,a,t,s, ,s,o, ,s,e,x,y, ,t,o, ,m,e,), ,a,n,d, ,t,h,e,n, ,I, ,g,e,t, ,b,a,c,k, ,t,o, ,m,y, ,b,o,r,i,n,g, ,a,s,s, ,m,o,m,s, ,h,o,u,s,e,",", ,i,n, ,h,e,r, ,b,o,r,i,n,g, ,a,s,s, ,l,i,t,t,l,e, ,r,e,d,n,e,c,k, ,m,o,u,n,t,a,i,n, ,t,o,w,n, ,w,h,e,r,e, ,I, ,h,a,v,e, ,n,o, ,f,r,i,e,n,d,s,., ,*,O,f,c,o,u,r,s,e,*, ,i,t, ,j,u,s,t, ,m,a,k,e,s, ,m,e, ,w,a,n,t, ,t,o, ,d,o, ,d,r,u,g,s,., ,A,n,d, ,j,u,s,t, ,t,h,e, ,t,h,o,u,g,h,t, ,o,f, ,h,a,v,i,n,g, ,w,e,e,d, ,a,t, ,t,h,e, ,h,o,u,s,e, ,e,x,c,i,t,e,d, ,m,e,",", ,i,f, ,I, ,c,a,n, ,h,a,v,e, ,a,n, ,a,c,t,u,a,l, ,a,r,r,a,y, ,o,f, ,d,r,u,g,s, ,w,a,i,t,i,n,g, ,f,o,r, ,m,e, ,w,h,e,n, ,I, ,g,e,t, ,h,o,m,e,., ,F,u,c,k, ,t,h,a,t, ,w,o,u,l,d, ,b,e, ,n,i,c,e,., ,"
","
",I,f, ,I, ,c,a,n, ,a,c,t,u,a,l,l,y, ,h,o,l,d, ,t,r,u,e, ,a,n,d, ,n,o,t, ,b,r,e,a,k, ,i,n,t,o, ,m,y, ,"""",w,e,l,c,o,m,e, ,b,a,c,k, ,s,t,a,s,h,"""", ,I, ,w,i,l,l, ,t,a,k,e, ,a, ,p,i,c, ,o,f, ,t,h,e, ,s,t,a,s,h, , ,w, ,a, ,t,i,m,e, ,s,t,a,m,p, ,o,r, ,c,u,r,r,e,n,t, ,n,e,w,s, ,p,p,a,p,e,r, ,T,h,e, ,d,a,y, ,I, ,l,e,a,v,e, ,a,n,d, ,t,h,e, ,d,a,y, ,i, ,g,e,t, ,b,a,c,k,., ,E,v,e,n, ,i,f, ,i,t,s, ,y,e,a,r,s, ,b,e,f,o,r,e, ,I, ,g,e,t, ,B,a,c,k, ,t,o, ,m,y, ,s,t,a,s,h,., ,"
","
","
",T,L,:,D,R,"
","
",W,i,l,l, ,h,e,r,o,i,n, ,o,r, ,c,o,k,e, ,g,o, ,b,a,d, ,"
","
",P,s,.,.,s,o,r,r,y, ,f,o,r, ,e,x,s,s,e,s,i,v,e, ,i,n,f,o,., ,I,m, ,o,n, ,s,t,i,m,s,.,.,m,y, ,b,a,d,"
"
1
